rank,dataset,algorithm,feature,weight
1,Student Performance,SHARK,Fjob_health,0.49999999999997224
2,Student Performance,SHARK,Fjob_teacher,0.49999999999997224
3,Student Performance,SHARK,higher_yes,2.4631060767718912e-14
4,Student Performance,SHARK,Medu,1.7095045209120875e-15
5,Student Performance,SHARK,Fedu,1.5552184768388775e-15
6,Student Performance,SHARK,Mjob_teacher,9.319155877488761e-16
7,Student Performance,SHARK,Fjob_other,9.101446681419906e-16
8,Student Performance,SHARK,Mjob_other,9.005702729764859e-16
9,Student Performance,SHARK,failures,8.683928075591437e-16
10,Student Performance,SHARK,Mjob_services,8.630108899181756e-16
11,Student Performance,SHARK,internet_yes,8.628293844083609e-16
12,Student Performance,SHARK,school_MS,8.577881791051278e-16
13,Student Performance,SHARK,Mjob_health,8.470404207945994e-16
14,Student Performance,SHARK,traveltime,8.438051840555898e-16
15,Student Performance,SHARK,Fjob_services,8.406231208429433e-16
16,Student Performance,SHARK,age,8.374861145114522e-16
17,Student Performance,SHARK,studytime,8.202191684535692e-16
18,Student Performance,SHARK,address_U,8.129999578521634e-16
19,Student Performance,SHARK,guardian_other,8.067525432939906e-16
20,Student Performance,SHARK,famsup_yes,7.994618334304676e-16
21,Student Performance,SHARK,nursery_yes,7.963957110761264e-16
22,Student Performance,SHARK,reason_reputation,7.9522834313789e-16
23,Student Performance,SHARK,Walc,7.898844569128659e-16
24,Student Performance,SHARK,activities_yes,7.878062197264218e-16
25,Student Performance,SHARK,sex_M,7.87070599477004e-16
26,Student Performance,SHARK,absences,7.850430644636744e-16
27,Student Performance,SHARK,schoolsup_yes,7.849483142468957e-16
28,Student Performance,SHARK,goout,7.840348068611782e-16
29,Student Performance,SHARK,Dalc,7.819985312310432e-16
30,Student Performance,SHARK,freetime,7.816286885870723e-16
31,Student Performance,SHARK,paid_yes,7.811007333238569e-16
32,Student Performance,SHARK,reason_other,7.800410147219777e-16
33,Student Performance,SHARK,romantic_yes,7.78874793016688e-16
34,Student Performance,SHARK,health,7.783313109815902e-16
35,Student Performance,SHARK,guardian_mother,7.782756435457089e-16
36,Student Performance,SHARK,famsize_LE3,7.777736670360252e-16
37,Student Performance,SHARK,famrel,7.745741816592799e-16
38,Student Performance,SHARK,reason_home,7.745561654882011e-16
39,Student Performance,SHARK,Pstatus_T,7.738843859423884e-16
