dataset,n_clusters,seed,n_init,max_iter,tol,n_factuals,solution_type,cf_mode,mask_scenario,alpha_case,alpha,factual_idx,source_cluster,target_cluster,feasible,rank_step,changed_features,weighted_squared_distance,euclidean_distance,rho,tau,positive_tau,runtime_ms,solver_message
Palmer Penguins,3,42,10,300,0.0001,50,most_parsimonious,Unweighted k-means,All features mutable,α = 1,1.0,318,0,1,True,2.0,2.0,0.8956346788252986,1.8927595503130328,1.2860589300632626,0.28605893006326255,True,50.532400000065536,Optimization terminated successfully
Palmer Penguins,3,42,10,300,0.0001,50,most_parsimonious,Unweighted k-means,All features mutable,α < 1,0.6767622979364194,318,0,1,True,3.0,3.0,1.04457811452923,2.0440920865061143,1.4913167570200385,0.4913167570200385,True,91.96919999976672,Optimization terminated successfully
Palmer Penguins,3,42,10,300,0.0001,50,most_parsimonious,Unweighted k-means,Random 25% immutable,α = 1,1.0,318,0,1,True,2.0,2.0,0.8956346788252986,1.8927595503130328,1.2860589300632626,0.28605893006326255,True,33.46109999984037,Optimization terminated successfully
Palmer Penguins,3,42,10,300,0.0001,50,most_parsimonious,Unweighted k-means,Random 25% immutable,α < 1,0.6767622979364194,318,0,1,True,3.0,3.0,1.04457811452923,2.0440920865061143,1.4913167570200385,0.4913167570200385,True,85.77850000028775,Optimization terminated successfully
Palmer Penguins,3,42,10,300,0.0001,50,most_parsimonious,Unweighted k-means,Random 50% immutable,α = 1,1.0,318,0,1,True,1.0,1.0,0.8956380949861877,1.8927631600241883,1.2860540247202346,0.28605402472023456,True,1.355799999601004,Optimization terminated successfully
Palmer Penguins,3,42,10,300,0.0001,50,most_parsimonious,Unweighted k-means,Random 50% immutable,α < 1,0.6767622979364194,318,0,1,True,2.0,2.0,1.0445806550319392,2.044094572207401,1.4913131252031135,0.49131312520311354,True,5.765700000210927,Optimization terminated successfully
Palmer Penguins,3,42,10,300,0.0001,50,most_parsimonious,Unweighted k-means,Random 75% immutable,α = 1,1.0,318,0,1,False,,,,,,,False,31.815800000003946,No feasible counterfactual found.
Palmer Penguins,3,42,10,300,0.0001,50,most_parsimonious,Unweighted k-means,Random 75% immutable,α < 1,0.6767622979364194,318,0,1,False,,,,,,,False,80.65669999996317,No feasible counterfactual found.
Palmer Penguins,3,42,10,300,0.0001,50,most_parsimonious,Unweighted k-means,All features mutable,α = 1,1.0,158,1,2,True,2.0,2.0,2.0035168890276633,2.830912848554447,1.2921371876474548,0.2921371876474548,True,6.243199999971694,Optimization terminated successfully
Palmer Penguins,3,42,10,300,0.0001,50,most_parsimonious,Unweighted k-means,All features mutable,α < 1,0.9580439243793857,158,1,2,True,2.0,2.0,2.1739538055186607,2.9488667691292263,1.240452015212403,0.240452015212403,True,5.5940999995982565,Optimization terminated successfully
Palmer Penguins,3,42,10,300,0.0001,50,most_parsimonious,Unweighted k-means,Random 25% immutable,α = 1,1.0,158,1,2,True,2.0,2.0,1.528549995470633,2.4726908383141093,1.6936434224262846,0.6936434224262846,True,6.062500000098225,Optimization terminated successfully
Palmer Penguins,3,42,10,300,0.0001,50,most_parsimonious,Unweighted k-means,Random 25% immutable,α < 1,0.9580439243793857,158,1,2,True,2.0,2.0,1.6585820153438338,2.5757189406795407,1.6258981384084539,0.6258981384084539,True,5.699599999843485,Optimization terminated successfully
Palmer Penguins,3,42,10,300,0.0001,50,most_parsimonious,Unweighted k-means,Random 50% immutable,α = 1,1.0,158,1,2,True,2.0,2.0,2.0035168890276633,2.830912848554447,1.2921371876474548,0.2921371876474548,True,6.401099999948201,Optimization terminated successfully
Palmer Penguins,3,42,10,300,0.0001,50,most_parsimonious,Unweighted k-means,Random 50% immutable,α < 1,0.9580439243793857,158,1,2,True,2.0,2.0,2.1739538055186607,2.9488667691292263,1.240452015212403,0.240452015212403,True,5.604299999959039,Optimization terminated successfully
Palmer Penguins,3,42,10,300,0.0001,50,most_parsimonious,Unweighted k-means,Random 75% immutable,α = 1,1.0,158,1,2,False,,,,,,,False,4.091099999641301,No feasible counterfactual found.
Palmer Penguins,3,42,10,300,0.0001,50,most_parsimonious,Unweighted k-means,Random 75% immutable,α < 1,0.9580439243793857,158,1,2,False,,,,,,,False,1.1459000002105313,No feasible counterfactual found.
Palmer Penguins,3,42,10,300,0.0001,50,most_parsimonious,Unweighted k-means,All features mutable,α = 1,1.0,140,2,0,True,1.0,1.0,0.14331351730565675,0.7571354365122709,4.603163085427182,3.603163085427182,True,1.0483000000931497,Optimization terminated successfully
Palmer Penguins,3,42,10,300,0.0001,50,most_parsimonious,Unweighted k-means,All features mutable,α < 1,0.9893549112643493,140,2,0,True,1.0,1.0,0.14753314080335747,0.768200861242312,4.536857569237672,3.5368575692376716,True,1.0450999998283805,Optimization terminated successfully
Palmer Penguins,3,42,10,300,0.0001,50,most_parsimonious,Unweighted k-means,Random 25% immutable,α = 1,1.0,140,2,0,True,1.0,1.0,0.14331351730565675,0.7571354365122709,4.603163085427182,3.603163085427182,True,1.1011000001417415,Optimization terminated successfully
Palmer Penguins,3,42,10,300,0.0001,50,most_parsimonious,Unweighted k-means,Random 25% immutable,α < 1,0.9893549112643493,140,2,0,True,1.0,1.0,0.14753314080335747,0.768200861242312,4.536857569237672,3.5368575692376716,True,1.0038000000349712,Optimization terminated successfully
Palmer Penguins,3,42,10,300,0.0001,50,most_parsimonious,Unweighted k-means,Random 50% immutable,α = 1,1.0,140,2,0,True,1.0,1.0,0.14331351730565675,0.7571354365122709,4.603163085427182,3.603163085427182,True,1.3302000002113346,Optimization terminated successfully
Palmer Penguins,3,42,10,300,0.0001,50,most_parsimonious,Unweighted k-means,Random 50% immutable,α < 1,0.9893549112643493,140,2,0,True,1.0,1.0,0.14753314080335747,0.768200861242312,4.536857569237672,3.5368575692376716,True,1.0226000003967783,Optimization terminated successfully
Palmer Penguins,3,42,10,300,0.0001,50,most_parsimonious,Unweighted k-means,Random 75% immutable,α = 1,1.0,140,2,0,False,,,,,,,False,7.945599999857222,No feasible counterfactual found.
Palmer Penguins,3,42,10,300,0.0001,50,most_parsimonious,Unweighted k-means,Random 75% immutable,α < 1,0.9893549112643493,140,2,0,False,,,,,,,False,1.4967000001888664,No feasible counterfactual found.
Palmer Penguins,3,42,10,300,0.0001,50,most_parsimonious,Unweighted k-means,All features mutable,α = 1,1.0,26,2,1,True,3.0,3.0,1.3661946136538634,2.3376865603873105,1.4607709710592875,0.46077097105928755,True,18.277600000146776,Optimization terminated successfully
Palmer Penguins,3,42,10,300,0.0001,50,most_parsimonious,Unweighted k-means,All features mutable,α < 1,0.6767622979364194,26,2,1,True,3.0,3.0,2.2140988834893367,2.9759696796098827,1.2189467014035824,0.2189467014035824,True,3.9333999998234503,Optimization terminated successfully
Palmer Penguins,3,42,10,300,0.0001,50,most_parsimonious,Unweighted k-means,Random 25% immutable,α = 1,1.0,26,2,1,True,3.0,3.0,1.4131216379768192,2.37749585739014,1.478472634865237,0.47847263486523706,True,23.59599999999773,Optimization terminated successfully
Palmer Penguins,3,42,10,300,0.0001,50,most_parsimonious,Unweighted k-means,Random 25% immutable,α < 1,0.6767622979364194,26,2,1,True,3.0,3.0,2.3215295803879594,3.047313295601855,1.2267473156593105,0.2267473156593105,True,4.124900000078924,Optimization terminated successfully
Palmer Penguins,3,42,10,300,0.0001,50,most_parsimonious,Unweighted k-means,Random 50% immutable,α = 1,1.0,26,2,1,True,2.0,2.0,1.7311558854681623,2.6314679442988944,1.696380456899652,0.6963804568996519,True,3.3337999998366286,Optimization terminated successfully
Palmer Penguins,3,42,10,300,0.0001,50,most_parsimonious,Unweighted k-means,Random 50% immutable,α < 1,0.6767622979364194,26,2,1,True,2.0,2.0,2.6449500462297078,3.2526604779655117,1.3724059923857899,0.37240599238578986,True,8.546900000055757,Optimization terminated successfully
Palmer Penguins,3,42,10,300,0.0001,50,most_parsimonious,Unweighted k-means,Random 75% immutable,α = 1,1.0,26,2,1,True,1.0,1.0,3.413064469994757,3.694896193396917,1.0477208045738697,0.047720804573869735,True,1.335099999778322,Optimization terminated successfully
Palmer Penguins,3,42,10,300,0.0001,50,most_parsimonious,Unweighted k-means,Random 75% immutable,α < 1,0.6767622979364194,26,2,1,False,,,,,,,False,7.1895999999469495,No feasible counterfactual found.
Palmer Penguins,3,42,10,300,0.0001,50,most_parsimonious,Unweighted k-means,All features mutable,α = 1,1.0,266,1,0,True,3.0,3.0,1.4080187961797554,2.3731993562950042,1.471829782002457,0.47182978200245707,True,4.863099999965925,Optimization terminated successfully
Palmer Penguins,3,42,10,300,0.0001,50,most_parsimonious,Unweighted k-means,All features mutable,α < 1,0.9893549112643493,266,1,0,True,3.0,3.0,1.4289119643063863,2.3907421143288428,1.4610298038427358,0.46102980384273584,True,8.831500000269443,Optimization terminated successfully
Palmer Penguins,3,42,10,300,0.0001,50,most_parsimonious,Unweighted k-means,Random 25% immutable,α = 1,1.0,266,1,0,True,3.0,3.0,1.4080187961797554,2.3731993562950042,1.471829782002457,0.47182978200245707,True,5.12140000000727,Optimization terminated successfully
Palmer Penguins,3,42,10,300,0.0001,50,most_parsimonious,Unweighted k-means,Random 25% immutable,α < 1,0.9893549112643493,266,1,0,True,3.0,3.0,1.4289119643063863,2.3907421143288428,1.4610298038427358,0.46102980384273584,True,9.18309999997291,Optimization terminated successfully
Palmer Penguins,3,42,10,300,0.0001,50,most_parsimonious,Unweighted k-means,Random 50% immutable,α = 1,1.0,266,1,0,True,1.0,1.0,3.885633328091189,3.9424019724483648,1.0477669685667692,0.04776696856676921,True,1.402200000029552,Optimization terminated successfully
Palmer Penguins,3,42,10,300,0.0001,50,most_parsimonious,Unweighted k-means,Random 50% immutable,α < 1,0.9893549112643493,266,1,0,True,1.0,1.0,3.943291074296352,3.971544321442908,1.0400786770127588,0.0400786770127588,True,1.3556999997490493,Optimization terminated successfully
Palmer Penguins,3,42,10,300,0.0001,50,most_parsimonious,Unweighted k-means,Random 75% immutable,α = 1,1.0,266,1,0,True,1.0,1.0,3.7750962265722467,3.8859213716040353,1.0122846713566112,0.012284671356611154,True,1.3672000000042317,Optimization terminated successfully
Palmer Penguins,3,42,10,300,0.0001,50,most_parsimonious,Unweighted k-means,Random 75% immutable,α < 1,0.9893549112643493,266,1,0,True,1.0,1.0,3.8311137459192603,3.914646214369447,1.004856741365947,0.004856741365947048,True,1.3497999998435262,Optimization terminated successfully
Palmer Penguins,3,42,10,300,0.0001,50,most_parsimonious,Unweighted k-means,All features mutable,α = 1,1.0,328,2,0,True,1.0,1.0,0.047307891074883514,0.435007545106443,7.210670569064148,6.210670569064148,True,1.1556999997992534,Optimization terminated successfully
Palmer Penguins,3,42,10,300,0.0001,50,most_parsimonious,Unweighted k-means,All features mutable,α < 1,0.9893549112643493,328,2,0,True,1.0,1.0,0.04974527361091959,0.4460729698644364,7.031800433397993,6.031800433397993,True,1.1727999999493477,Optimization terminated successfully
Palmer Penguins,3,42,10,300,0.0001,50,most_parsimonious,Unweighted k-means,Random 25% immutable,α = 1,1.0,328,2,0,True,1.0,1.0,0.047307891074883514,0.435007545106443,7.210670569064148,6.210670569064148,True,0.9768999998414074,Optimization terminated successfully
Palmer Penguins,3,42,10,300,0.0001,50,most_parsimonious,Unweighted k-means,Random 25% immutable,α < 1,0.9893549112643493,328,2,0,True,1.0,1.0,0.04974527361091959,0.4460729698644364,7.031800433397993,6.031800433397993,True,0.9517999997115112,Optimization terminated successfully
Palmer Penguins,3,42,10,300,0.0001,50,most_parsimonious,Unweighted k-means,Random 50% immutable,α = 1,1.0,328,2,0,True,2.0,2.0,0.2907854532091421,1.0784905251491868,3.31056280178778,2.31056280178778,True,8.75529999984792,Optimization terminated successfully
Palmer Penguins,3,42,10,300,0.0001,50,most_parsimonious,Unweighted k-means,Random 50% immutable,α < 1,0.9893549112643493,328,2,0,True,2.0,2.0,0.3057672114165289,1.1059244303595592,3.2284399518884874,2.2284399518884874,True,4.198599999654107,Optimization terminated successfully
Palmer Penguins,3,42,10,300,0.0001,50,most_parsimonious,Unweighted k-means,Random 75% immutable,α = 1,1.0,328,2,0,True,1.0,1.0,0.37749258656120543,1.22880850674335,2.5501520767886205,1.5501520767886205,True,0.9762999998201849,Optimization terminated successfully
Palmer Penguins,3,42,10,300,0.0001,50,most_parsimonious,Unweighted k-means,Random 75% immutable,α < 1,0.9893549112643493,328,2,0,True,1.0,1.0,0.3969416428827167,1.2600660980801233,2.4814130102127026,1.4814130102127026,True,0.9612000003471621,Optimization terminated successfully
Palmer Penguins,3,42,10,300,0.0001,50,most_parsimonious,Unweighted k-means,All features mutable,α = 1,1.0,204,1,2,True,2.0,2.0,3.182156418040683,3.5677199542793057,1.2532711763496147,0.2532711763496147,True,4.4020000000273285,Optimization terminated successfully
Palmer Penguins,3,42,10,300,0.0001,50,most_parsimonious,Unweighted k-means,All features mutable,α < 1,0.9580439243793857,204,1,2,True,2.0,2.0,3.3957642595841406,3.685519914250439,1.223626749572695,0.2236267495726949,True,6.624399999964226,Optimization terminated successfully
Palmer Penguins,3,42,10,300,0.0001,50,most_parsimonious,Unweighted k-means,Random 25% immutable,α = 1,1.0,204,1,2,True,2.0,2.0,3.182156418040683,3.5677199542793057,1.2532711763496147,0.2532711763496147,True,4.365400000096997,Optimization terminated successfully
Palmer Penguins,3,42,10,300,0.0001,50,most_parsimonious,Unweighted k-means,Random 25% immutable,α < 1,0.9580439243793857,204,1,2,True,2.0,2.0,3.3957642595841406,3.685519914250439,1.223626749572695,0.2236267495726949,True,6.519399999888265,Optimization terminated successfully
Palmer Penguins,3,42,10,300,0.0001,50,most_parsimonious,Unweighted k-means,Random 50% immutable,α = 1,1.0,204,1,2,True,2.0,2.0,2.4275639527779505,3.116128336752484,1.575605950615287,0.5756059506152871,True,4.630599999927654,Optimization terminated successfully
Palmer Penguins,3,42,10,300,0.0001,50,most_parsimonious,Unweighted k-means,Random 50% immutable,α < 1,0.9580439243793857,204,1,2,True,2.0,2.0,2.5907420448785965,3.219156439117923,1.5251791731265527,0.5251791731265527,True,6.524200000058045,Optimization terminated successfully
Palmer Penguins,3,42,10,300,0.0001,50,most_parsimonious,Unweighted k-means,Random 75% immutable,α = 1,1.0,204,1,2,False,,,,,,,False,3.281799999967916,No feasible counterfactual found.
Palmer Penguins,3,42,10,300,0.0001,50,most_parsimonious,Unweighted k-means,Random 75% immutable,α < 1,0.9580439243793857,204,1,2,False,,,,,,,False,3.1997000000956177,No feasible counterfactual found.
Palmer Penguins,3,42,10,300,0.0001,50,most_parsimonious,Unweighted k-means,All features mutable,α = 1,1.0,234,1,0,True,2.0,2.0,1.2375018474076518,2.224861206824059,1.2764393423751246,0.2764393423751246,True,4.344599999967613,Optimization terminated successfully
Palmer Penguins,3,42,10,300,0.0001,50,most_parsimonious,Unweighted k-means,All features mutable,α < 1,0.9893549112643493,234,1,0,True,2.0,2.0,1.262061586768772,2.2468302888903486,1.2639585597008443,0.26395855970084425,True,6.525500000407192,Optimization terminated successfully
Palmer Penguins,3,42,10,300,0.0001,50,most_parsimonious,Unweighted k-means,Random 25% immutable,α = 1,1.0,234,1,0,True,1.0,1.0,1.2375065675301713,2.22486544989145,1.2764344737768618,0.2764344737768618,True,1.3432000000648259,Optimization terminated successfully
Palmer Penguins,3,42,10,300,0.0001,50,most_parsimonious,Unweighted k-means,Random 25% immutable,α < 1,0.9893549112643493,234,1,0,True,1.0,1.0,1.2620664005678979,2.246834573855314,1.2639537386517847,0.26395373865178473,True,1.3666999998349638,Optimization terminated successfully
Palmer Penguins,3,42,10,300,0.0001,50,most_parsimonious,Unweighted k-means,Random 50% immutable,α = 1,1.0,234,1,0,True,1.0,1.0,1.2375065675301713,2.22486544989145,1.2764344737768618,0.2764344737768618,True,1.3537999998334271,Optimization terminated successfully
Palmer Penguins,3,42,10,300,0.0001,50,most_parsimonious,Unweighted k-means,Random 50% immutable,α < 1,0.9893549112643493,234,1,0,True,1.0,1.0,1.2620664005678979,2.246834573855314,1.2639537386517847,0.26395373865178473,True,1.3622000001305423,Optimization terminated successfully
Palmer Penguins,3,42,10,300,0.0001,50,most_parsimonious,Unweighted k-means,Random 75% immutable,α = 1,1.0,234,1,0,False,,,,,,,False,2.6104000003215333,No feasible counterfactual found.
Palmer Penguins,3,42,10,300,0.0001,50,most_parsimonious,Unweighted k-means,Random 75% immutable,α < 1,0.9893549112643493,234,1,0,False,,,,,,,False,5.20909999977448,No feasible counterfactual found.
Palmer Penguins,3,42,10,300,0.0001,50,most_parsimonious,Unweighted k-means,All features mutable,α = 1,1.0,91,2,1,True,3.0,3.0,1.6525295354050513,2.571015002216091,1.5430741550429812,0.5430741550429812,True,8.112099999834754,Optimization terminated successfully
Palmer Penguins,3,42,10,300,0.0001,50,most_parsimonious,Unweighted k-means,All features mutable,α < 1,0.6767622979364194,91,2,1,True,3.0,3.0,2.645762928703429,3.2531602657744543,1.2195116067473277,0.21951160674732773,True,10.846900000160531,Optimization terminated successfully
Palmer Penguins,3,42,10,300,0.0001,50,most_parsimonious,Unweighted k-means,Random 25% immutable,α = 1,1.0,91,2,1,True,3.0,3.0,1.6525295354050513,2.571015002216091,1.5430741550429812,0.5430741550429812,True,7.465700000011566,Optimization terminated successfully
Palmer Penguins,3,42,10,300,0.0001,50,most_parsimonious,Unweighted k-means,Random 25% immutable,α < 1,0.6767622979364194,91,2,1,True,3.0,3.0,2.645762928703429,3.2531602657744543,1.2195116067473277,0.21951160674732773,True,6.695600000057311,Optimization terminated successfully
Palmer Penguins,3,42,10,300,0.0001,50,most_parsimonious,Unweighted k-means,Random 50% immutable,α = 1,1.0,91,2,1,True,2.0,2.0,2.074025934252597,2.8802957724876777,1.5366725486081083,0.5366725486081083,True,10.116200000084064,Optimization terminated successfully
Palmer Penguins,3,42,10,300,0.0001,50,most_parsimonious,Unweighted k-means,Random 50% immutable,α < 1,0.6767622979364194,91,2,1,True,2.0,2.0,3.320594768474152,3.6444998386468077,1.2144523587937068,0.21445235879370683,True,8.441800000127841,Optimization terminated successfully
Palmer Penguins,3,42,10,300,0.0001,50,most_parsimonious,Unweighted k-means,Random 75% immutable,α = 1,1.0,91,2,1,False,,,,,,,False,8.39780000023893,No feasible counterfactual found.
Palmer Penguins,3,42,10,300,0.0001,50,most_parsimonious,Unweighted k-means,Random 75% immutable,α < 1,0.6767622979364194,91,2,1,False,,,,,,,False,6.720800000039162,No feasible counterfactual found.
Palmer Penguins,3,42,10,300,0.0001,50,most_parsimonious,Unweighted k-means,All features mutable,α = 1,1.0,151,1,0,True,2.0,2.0,1.0875519972698633,2.0857152224307742,2.0180789839881115,1.0180789839881115,True,3.5053999999945518,Optimization terminated successfully
Palmer Penguins,3,42,10,300,0.0001,50,most_parsimonious,Unweighted k-means,All features mutable,α < 1,0.9893549112643493,151,1,0,True,2.0,2.0,1.1105832818558108,2.1076843044970572,1.9970438874700411,0.9970438874700411,True,3.363300000273739,Optimization terminated successfully
Palmer Penguins,3,42,10,300,0.0001,50,most_parsimonious,Unweighted k-means,Random 25% immutable,α = 1,1.0,151,1,0,True,2.0,2.0,1.0875519972698633,2.0857152224307742,2.0180789839881115,1.0180789839881115,True,3.2269000002997927,Optimization terminated successfully
Palmer Penguins,3,42,10,300,0.0001,50,most_parsimonious,Unweighted k-means,Random 25% immutable,α < 1,0.9893549112643493,151,1,0,True,2.0,2.0,1.1105832818558108,2.1076843044970572,1.9970438874700411,0.9970438874700411,True,3.20949999968434,Optimization terminated successfully
Palmer Penguins,3,42,10,300,0.0001,50,most_parsimonious,Unweighted k-means,Random 50% immutable,α = 1,1.0,151,1,0,False,,,,,,,False,3.29169999986334,No feasible counterfactual found.
Palmer Penguins,3,42,10,300,0.0001,50,most_parsimonious,Unweighted k-means,Random 50% immutable,α < 1,0.9893549112643493,151,1,0,False,,,,,,,False,3.8027999999030726,No feasible counterfactual found.
Palmer Penguins,3,42,10,300,0.0001,50,most_parsimonious,Unweighted k-means,Random 75% immutable,α = 1,1.0,151,1,0,False,,,,,,,False,1.7928000002029876,No feasible counterfactual found.
Palmer Penguins,3,42,10,300,0.0001,50,most_parsimonious,Unweighted k-means,Random 75% immutable,α < 1,0.9893549112643493,151,1,0,False,,,,,,,False,0.957600000219827,No feasible counterfactual found.
Palmer Penguins,3,42,10,300,0.0001,50,most_parsimonious,Unweighted k-means,All features mutable,α = 1,1.0,119,2,1,True,3.0,3.0,1.5236507288477963,2.468724957420568,1.615687858845293,0.615687858845293,True,13.333999999758817,Optimization terminated successfully
Palmer Penguins,3,42,10,300,0.0001,50,most_parsimonious,Unweighted k-means,All features mutable,α < 1,0.6767622979364194,119,2,1,True,3.0,3.0,2.4815613863986354,3.1505944749514403,1.2854643708033238,0.28546437080332376,True,7.9531999999744585,Optimization terminated successfully
Palmer Penguins,3,42,10,300,0.0001,50,most_parsimonious,Unweighted k-means,Random 25% immutable,α = 1,1.0,119,2,1,True,3.0,3.0,1.4924537759725167,2.443320507811054,1.8542660905161712,0.8542660905161712,True,27.90839999988748,Optimization terminated successfully
Palmer Penguins,3,42,10,300,0.0001,50,most_parsimonious,Unweighted k-means,Random 25% immutable,α < 1,0.6767622979364194,119,2,1,True,3.0,3.0,2.4110208239268167,3.1054924401304325,1.463564686591051,0.463564686591051,True,11.998899999980495,Optimization terminated successfully
Palmer Penguins,3,42,10,300,0.0001,50,most_parsimonious,Unweighted k-means,Random 50% immutable,α = 1,1.0,119,2,1,True,2.0,2.0,2.9118091872957788,3.4128048214310636,1.194385978726132,0.19438597872613195,True,11.301499999717635,Optimization terminated successfully
Palmer Penguins,3,42,10,300,0.0001,50,most_parsimonious,Unweighted k-means,Random 50% immutable,α < 1,0.6767622979364194,119,2,1,False,,,,,,,False,7.899799999904644,No feasible counterfactual found.
Palmer Penguins,3,42,10,300,0.0001,50,most_parsimonious,Unweighted k-means,Random 75% immutable,α = 1,1.0,119,2,1,False,,,,,,,False,5.1537000003918365,No feasible counterfactual found.
Palmer Penguins,3,42,10,300,0.0001,50,most_parsimonious,Unweighted k-means,Random 75% immutable,α < 1,0.6767622979364194,119,2,1,False,,,,,,,False,8.457200000066223,No feasible counterfactual found.
Palmer Penguins,3,42,10,300,0.0001,50,most_parsimonious,Unweighted k-means,All features mutable,α = 1,1.0,231,1,2,True,2.0,2.0,1.4609399744496883,2.417386997937805,1.7225110399117403,0.7225110399117403,True,5.837300000166579,Optimization terminated successfully
Palmer Penguins,3,42,10,300,0.0001,50,most_parsimonious,Unweighted k-means,All features mutable,α < 1,0.9580439243793857,231,1,2,True,2.0,2.0,1.6062212013221684,2.5347356480092107,1.663850123411144,0.663850123411144,True,10.494500000277185,Optimization terminated successfully
Palmer Penguins,3,42,10,300,0.0001,50,most_parsimonious,Unweighted k-means,Random 25% immutable,α = 1,1.0,231,1,2,True,2.0,2.0,1.1139076393917526,2.110836459218717,1.7554662550628213,0.7554662550628213,True,6.228299999747833,Optimization terminated successfully
Palmer Penguins,3,42,10,300,0.0001,50,most_parsimonious,Unweighted k-means,Random 25% immutable,α < 1,0.9580439243793857,231,1,2,True,2.0,2.0,1.2252990742595413,2.2138645615841464,1.6737709424194747,0.6737709424194747,True,9.919199999785633,Optimization terminated successfully
Palmer Penguins,3,42,10,300,0.0001,50,most_parsimonious,Unweighted k-means,Random 50% immutable,α = 1,1.0,231,1,2,True,2.0,2.0,1.4609399744496883,2.417386997937805,1.7225110399117403,0.7225110399117403,True,6.533000000217726,Optimization terminated successfully
Palmer Penguins,3,42,10,300,0.0001,50,most_parsimonious,Unweighted k-means,Random 50% immutable,α < 1,0.9580439243793857,231,1,2,True,2.0,2.0,1.6062212013221684,2.5347356480092107,1.663850123411144,0.663850123411144,True,10.294200000316778,Optimization terminated successfully
Palmer Penguins,3,42,10,300,0.0001,50,most_parsimonious,Unweighted k-means,Random 75% immutable,α = 1,1.0,231,1,2,False,,,,,,,False,0.9774000000106753,No feasible counterfactual found.
Palmer Penguins,3,42,10,300,0.0001,50,most_parsimonious,Unweighted k-means,Random 75% immutable,α < 1,0.9580439243793857,231,1,2,False,,,,,,,False,0.9589999999661813,No feasible counterfactual found.
Palmer Penguins,3,42,10,300,0.0001,50,most_parsimonious,Unweighted k-means,All features mutable,α = 1,1.0,128,0,2,True,1.0,1.0,0.12082981558610002,0.6952116672959395,3.1662159183181333,2.1662159183181333,True,1.0189000004174886,Optimization terminated successfully
Palmer Penguins,3,42,10,300,0.0001,50,most_parsimonious,Unweighted k-means,All features mutable,α < 1,0.9580439243793857,128,0,2,True,1.0,1.0,0.13646538694252336,0.7388244363650227,2.9793143529775947,1.9793143529775947,True,1.3303000000632892,Optimization terminated successfully
Palmer Penguins,3,42,10,300,0.0001,50,most_parsimonious,Unweighted k-means,Random 25% immutable,α = 1,1.0,128,0,2,True,2.0,2.0,0.7426996229502882,1.7236004443609176,1.7890088444582781,0.7890088444582781,True,6.538000000091415,Optimization terminated successfully
Palmer Penguins,3,42,10,300,0.0001,50,most_parsimonious,Unweighted k-means,Random 25% immutable,α < 1,0.9580439243793857,128,0,2,True,2.0,2.0,0.8388061418148607,1.8317272087457352,1.6834037439739529,0.6834037439739529,True,12.203900000258727,Optimization terminated successfully
Palmer Penguins,3,42,10,300,0.0001,50,most_parsimonious,Unweighted k-means,Random 50% immutable,α = 1,1.0,128,0,2,True,1.0,1.0,0.12082981558610002,0.6952116672959395,3.1662159183181333,2.1662159183181333,True,1.05489999987185,Optimization terminated successfully
Palmer Penguins,3,42,10,300,0.0001,50,most_parsimonious,Unweighted k-means,Random 50% immutable,α < 1,0.9580439243793857,128,0,2,True,1.0,1.0,0.13646538694252336,0.7388244363650227,2.9793143529775947,1.9793143529775947,True,1.4505000003737223,Optimization terminated successfully
Palmer Penguins,3,42,10,300,0.0001,50,most_parsimonious,Unweighted k-means,Random 75% immutable,α = 1,1.0,128,0,2,True,1.0,1.0,0.9641596531443076,1.9638326335452394,1.3780873205530617,0.3780873205530617,True,1.3312999999470776,Optimization terminated successfully
Palmer Penguins,3,42,10,300,0.0001,50,most_parsimonious,Unweighted k-means,Random 75% immutable,α < 1,0.9580439243793857,128,0,2,True,1.0,1.0,1.0889234540538568,2.0870299030477324,1.2967388957987178,0.2967388957987178,True,1.2916000000586791,Optimization terminated successfully
Palmer Penguins,3,42,10,300,0.0001,50,most_parsimonious,Unweighted k-means,All features mutable,α = 1,1.0,22,2,0,True,1.0,1.0,0.2611312417748262,1.0220200424156587,3.840879609623316,2.840879609623316,True,1.4337000002342393,Optimization terminated successfully
Palmer Penguins,3,42,10,300,0.0001,50,most_parsimonious,Unweighted k-means,All features mutable,α < 1,0.9893549112643493,22,2,0,True,1.0,1.0,0.26681639560691217,1.0330854671456997,3.799739776018976,2.799739776018976,True,1.433800000086194,Optimization terminated successfully
Palmer Penguins,3,42,10,300,0.0001,50,most_parsimonious,Unweighted k-means,Random 25% immutable,α = 1,1.0,22,2,0,True,1.0,1.0,0.2611312417748262,1.0220200424156587,3.840879609623316,2.840879609623316,True,1.3073999998596264,Optimization terminated successfully
Palmer Penguins,3,42,10,300,0.0001,50,most_parsimonious,Unweighted k-means,Random 25% immutable,α < 1,0.9893549112643493,22,2,0,True,1.0,1.0,0.26681639560691217,1.0330854671456997,3.799739776018976,2.799739776018976,True,1.2947000000167463,Optimization terminated successfully
Palmer Penguins,3,42,10,300,0.0001,50,most_parsimonious,Unweighted k-means,Random 50% immutable,α = 1,1.0,22,2,0,False,,,,,,,False,18.35690000007162,No feasible counterfactual found.
Palmer Penguins,3,42,10,300,0.0001,50,most_parsimonious,Unweighted k-means,Random 50% immutable,α < 1,0.9893549112643493,22,2,0,False,,,,,,,False,16.27729999972871,No feasible counterfactual found.
Palmer Penguins,3,42,10,300,0.0001,50,most_parsimonious,Unweighted k-means,Random 75% immutable,α = 1,1.0,22,2,0,False,,,,,,,False,2.5399999999535794,No feasible counterfactual found.
Palmer Penguins,3,42,10,300,0.0001,50,most_parsimonious,Unweighted k-means,Random 75% immutable,α < 1,0.9893549112643493,22,2,0,False,,,,,,,False,4.950199999711913,No feasible counterfactual found.
Palmer Penguins,3,42,10,300,0.0001,50,most_parsimonious,Unweighted k-means,All features mutable,α = 1,1.0,242,1,2,True,2.0,2.0,3.63732430843786,3.814354104399779,1.1117766304531262,0.11177663045312625,True,3.2169000000976666,Optimization terminated successfully
Palmer Penguins,3,42,10,300,0.0001,50,most_parsimonious,Unweighted k-means,All features mutable,α < 1,0.9580439243793857,242,1,2,True,2.0,2.0,3.845435963148265,3.9219566357359255,1.090783291948272,0.09078329194827206,True,2.5021000001288485,Optimization terminated successfully
Palmer Penguins,3,42,10,300,0.0001,50,most_parsimonious,Unweighted k-means,Random 25% immutable,α = 1,1.0,242,1,2,False,,,,,,,False,32.61750000001484,No feasible counterfactual found.
Palmer Penguins,3,42,10,300,0.0001,50,most_parsimonious,Unweighted k-means,Random 25% immutable,α < 1,0.9580439243793857,242,1,2,False,,,,,,,False,12.871399999767164,No feasible counterfactual found.
Palmer Penguins,3,42,10,300,0.0001,50,most_parsimonious,Unweighted k-means,Random 50% immutable,α = 1,1.0,242,1,2,False,,,,,,,False,3.967099999954371,No feasible counterfactual found.
Palmer Penguins,3,42,10,300,0.0001,50,most_parsimonious,Unweighted k-means,Random 50% immutable,α < 1,0.9580439243793857,242,1,2,False,,,,,,,False,11.104400000021997,No feasible counterfactual found.
Palmer Penguins,3,42,10,300,0.0001,50,most_parsimonious,Unweighted k-means,Random 75% immutable,α = 1,1.0,242,1,2,False,,,,,,,False,1.7078000000765314,No feasible counterfactual found.
Palmer Penguins,3,42,10,300,0.0001,50,most_parsimonious,Unweighted k-means,Random 75% immutable,α < 1,0.9580439243793857,242,1,2,False,,,,,,,False,9.259099999781029,No feasible counterfactual found.
Palmer Penguins,3,42,10,300,0.0001,50,most_parsimonious,Unweighted k-means,All features mutable,α = 1,1.0,159,1,0,True,2.0,2.0,0.7942442396799209,1.7824076297860945,2.304586770620296,1.304586770620296,True,4.504699999870354,Optimization terminated successfully
Palmer Penguins,3,42,10,300,0.0001,50,most_parsimonious,Unweighted k-means,All features mutable,α < 1,0.9893549112643493,159,1,0,True,2.0,2.0,0.8139438295688022,1.8043767118523806,2.2765274105211444,1.2765274105211444,True,3.26260000019829,Optimization terminated successfully
Palmer Penguins,3,42,10,300,0.0001,50,most_parsimonious,Unweighted k-means,Random 25% immutable,α = 1,1.0,159,1,0,True,1.0,1.0,0.7942472691138784,1.7824110290433892,2.3045779804517923,1.3045779804517923,True,1.302900000155205,Optimization terminated successfully
Palmer Penguins,3,42,10,300,0.0001,50,most_parsimonious,Unweighted k-means,Random 25% immutable,α < 1,0.9893549112643493,159,1,0,True,1.0,1.0,0.81394693414162,1.8043801530072536,2.2765187273877654,1.2765187273877654,True,1.4774000001125387,Optimization terminated successfully
Palmer Penguins,3,42,10,300,0.0001,50,most_parsimonious,Unweighted k-means,Random 50% immutable,α = 1,1.0,159,1,0,False,,,,,,,False,32.082700000046316,No feasible counterfactual found.
Palmer Penguins,3,42,10,300,0.0001,50,most_parsimonious,Unweighted k-means,Random 50% immutable,α < 1,0.9893549112643493,159,1,0,False,,,,,,,False,23.02430000008826,No feasible counterfactual found.
Palmer Penguins,3,42,10,300,0.0001,50,most_parsimonious,Unweighted k-means,Random 75% immutable,α = 1,1.0,159,1,0,False,,,,,,,False,1.955299999735871,No feasible counterfactual found.
Palmer Penguins,3,42,10,300,0.0001,50,most_parsimonious,Unweighted k-means,Random 75% immutable,α < 1,0.9893549112643493,159,1,0,False,,,,,,,False,7.481000000097993,No feasible counterfactual found.
Palmer Penguins,3,42,10,300,0.0001,50,most_parsimonious,Unweighted k-means,All features mutable,α = 1,1.0,156,1,2,True,2.0,2.0,1.2239353438879628,2.2126322278118997,1.63055526185715,0.6305552618571499,True,4.827300000215473,Optimization terminated successfully
Palmer Penguins,3,42,10,300,0.0001,50,most_parsimonious,Unweighted k-means,All features mutable,α < 1,0.9580439243793857,156,1,2,True,2.0,2.0,1.3579079487629602,2.3305861483866757,1.548030783581558,0.5480307835815581,True,2.5607000002310087,Optimization terminated successfully
Palmer Penguins,3,42,10,300,0.0001,50,most_parsimonious,Unweighted k-means,Random 25% immutable,α = 1,1.0,156,1,2,True,2.0,2.0,1.2239353438879628,2.2126322278118997,1.63055526185715,0.6305552618571499,True,4.692699999850447,Optimization terminated successfully
Palmer Penguins,3,42,10,300,0.0001,50,most_parsimonious,Unweighted k-means,Random 25% immutable,α < 1,0.9580439243793857,156,1,2,True,2.0,2.0,1.3579079487629602,2.3305861483866757,1.548030783581558,0.5480307835815581,True,2.3443000000042957,Optimization terminated successfully
Palmer Penguins,3,42,10,300,0.0001,50,most_parsimonious,Unweighted k-means,Random 50% immutable,α = 1,1.0,156,1,2,True,1.0,1.0,1.5798798265474594,2.5138654113117984,1.0765623488827865,0.07656234888278646,True,1.4450999997279723,Optimization terminated successfully
Palmer Penguins,3,42,10,300,0.0001,50,most_parsimonious,Unweighted k-means,Random 50% immutable,α < 1,0.9580439243793857,156,1,2,True,1.0,1.0,1.7528143012392814,2.6478778682101494,1.0220761631299804,0.022076163129980397,True,1.289199999973789,Optimization terminated successfully
Palmer Penguins,3,42,10,300,0.0001,50,most_parsimonious,Unweighted k-means,Random 75% immutable,α = 1,1.0,156,1,2,False,,,,,,,False,2.9237999997349107,No feasible counterfactual found.
Palmer Penguins,3,42,10,300,0.0001,50,most_parsimonious,Unweighted k-means,Random 75% immutable,α < 1,0.9580439243793857,156,1,2,False,,,,,,,False,1.096799999686482,No feasible counterfactual found.
Palmer Penguins,3,42,10,300,0.0001,50,most_parsimonious,Unweighted k-means,All features mutable,α = 1,1.0,253,1,2,True,2.0,2.0,1.3848967408399393,2.353632716325926,1.5967409967219497,0.5967409967219497,True,5.763699999988603,Optimization terminated successfully
Palmer Penguins,3,42,10,300,0.0001,50,most_parsimonious,Unweighted k-means,All features mutable,α < 1,0.9580439243793857,253,1,2,True,2.0,2.0,1.5271098524772895,2.471525725115795,1.5307140907620473,0.5307140907620473,True,11.034999999992579,Optimization terminated successfully
Palmer Penguins,3,42,10,300,0.0001,50,most_parsimonious,Unweighted k-means,Random 25% immutable,α = 1,1.0,253,1,2,True,2.0,2.0,1.056529321240533,2.055752243088192,1.937692100566956,0.9376921005669561,True,6.046800000149233,Optimization terminated successfully
Palmer Penguins,3,42,10,300,0.0001,50,most_parsimonious,Unweighted k-means,Random 25% immutable,α < 1,0.9580439243793857,253,1,2,True,2.0,2.0,1.1650831449792138,2.158780345453621,1.8452154627466164,0.8452154627466164,True,9.495099999639933,Optimization terminated successfully
Palmer Penguins,3,42,10,300,0.0001,50,most_parsimonious,Unweighted k-means,Random 50% immutable,α = 1,1.0,253,1,2,False,,,,,,,False,23.460399999748915,No feasible counterfactual found.
Palmer Penguins,3,42,10,300,0.0001,50,most_parsimonious,Unweighted k-means,Random 50% immutable,α < 1,0.9580439243793857,253,1,2,False,,,,,,,False,3.5677999999279564,No feasible counterfactual found.
Palmer Penguins,3,42,10,300,0.0001,50,most_parsimonious,Unweighted k-means,Random 75% immutable,α = 1,1.0,253,1,2,False,,,,,,,False,12.981300000319607,No feasible counterfactual found.
Palmer Penguins,3,42,10,300,0.0001,50,most_parsimonious,Unweighted k-means,Random 75% immutable,α < 1,0.9580439243793857,253,1,2,False,,,,,,,False,2.768800000012561,No feasible counterfactual found.
Palmer Penguins,3,42,10,300,0.0001,50,most_parsimonious,Unweighted k-means,All features mutable,α = 1,1.0,60,0,1,True,2.0,2.0,2.092630875957851,2.8931857015807685,1.411607080648864,0.4116070806488641,True,64.25279999984923,Optimization terminated successfully
Palmer Penguins,3,42,10,300,0.0001,50,most_parsimonious,Unweighted k-means,All features mutable,α < 1,0.6767622979364194,60,0,1,True,2.0,2.0,3.3635353352696917,3.667988732408916,1.1452907991492016,0.14529079914920162,True,11.519700000008015,Optimization terminated successfully
Palmer Penguins,3,42,10,300,0.0001,50,most_parsimonious,Unweighted k-means,Random 25% immutable,α = 1,1.0,60,0,1,True,3.0,3.0,1.7898007328330408,2.6756686886332104,1.2451229923634264,0.24512299236342638,True,67.4340000000484,Optimization terminated successfully
Palmer Penguins,3,42,10,300,0.0001,50,most_parsimonious,Unweighted k-means,Random 25% immutable,α < 1,0.6767622979364194,60,0,1,True,3.0,3.0,2.717321786395024,3.296860195031038,1.0105179988135597,0.010517998813559748,True,17.385399999966467,Optimization terminated successfully
Palmer Penguins,3,42,10,300,0.0001,50,most_parsimonious,Unweighted k-means,Random 50% immutable,α = 1,1.0,60,0,1,False,,,,,,,False,80.11380000016288,No feasible counterfactual found.
Palmer Penguins,3,42,10,300,0.0001,50,most_parsimonious,Unweighted k-means,Random 50% immutable,α < 1,0.6767622979364194,60,0,1,False,,,,,,,False,12.782199999946897,No feasible counterfactual found.
Palmer Penguins,3,42,10,300,0.0001,50,most_parsimonious,Unweighted k-means,Random 75% immutable,α = 1,1.0,60,0,1,True,1.0,1.0,2.6103826173962505,3.23133570982419,1.2555157259945906,0.2555157259945906,True,1.3986999997541716,Optimization terminated successfully
Palmer Penguins,3,42,10,300,0.0001,50,most_parsimonious,Unweighted k-means,Random 75% immutable,α < 1,0.6767622979364194,60,0,1,False,,,,,,,False,1.6593999998804065,No feasible counterfactual found.
Palmer Penguins,3,42,10,300,0.0001,50,most_parsimonious,Unweighted k-means,All features mutable,α = 1,1.0,261,1,0,True,2.0,2.0,0.8243533599185009,1.8158781456017372,1.759417574575336,0.759417574575336,True,4.004599999916536,Optimization terminated successfully
Palmer Penguins,3,42,10,300,0.0001,50,most_parsimonious,Unweighted k-means,All features mutable,α < 1,0.9893549112643493,261,1,0,True,2.0,2.0,0.8444206080617601,1.8378472276680238,1.7383860173849401,0.7383860173849401,True,3.972999999859894,Optimization terminated successfully
Palmer Penguins,3,42,10,300,0.0001,50,most_parsimonious,Unweighted k-means,Random 25% immutable,α = 1,1.0,261,1,0,True,2.0,2.0,0.8243533599185009,1.8158781456017372,1.759417574575336,0.759417574575336,True,4.247099999702186,Optimization terminated successfully
Palmer Penguins,3,42,10,300,0.0001,50,most_parsimonious,Unweighted k-means,Random 25% immutable,α < 1,0.9893549112643493,261,1,0,True,2.0,2.0,0.8444206080617601,1.8378472276680238,1.7383860173849401,0.7383860173849401,True,4.031299999951443,Optimization terminated successfully
Palmer Penguins,3,42,10,300,0.0001,50,most_parsimonious,Unweighted k-means,Random 50% immutable,α = 1,1.0,261,1,0,True,1.0,1.0,0.8243565041957123,1.8158816086911749,1.7594108638111268,0.7594108638111268,True,1.3902999999118038,Optimization terminated successfully
Palmer Penguins,3,42,10,300,0.0001,50,most_parsimonious,Unweighted k-means,Random 50% immutable,α < 1,0.9893549112643493,261,1,0,True,1.0,1.0,0.8444238288801638,1.8378507326550366,1.7383793868344344,0.7383793868344344,True,1.36099999963335,Optimization terminated successfully
Palmer Penguins,3,42,10,300,0.0001,50,most_parsimonious,Unweighted k-means,Random 75% immutable,α = 1,1.0,261,1,0,False,,,,,,,False,2.598500000203785,No feasible counterfactual found.
Palmer Penguins,3,42,10,300,0.0001,50,most_parsimonious,Unweighted k-means,Random 75% immutable,α < 1,0.9893549112643493,261,1,0,False,,,,,,,False,2.6391000001240172,No feasible counterfactual found.
Palmer Penguins,3,42,10,300,0.0001,50,most_parsimonious,Unweighted k-means,All features mutable,α = 1,1.0,180,1,0,True,2.0,2.0,1.5692516883577061,2.5053955283409493,1.254961693860455,0.2549616938604551,True,2.849399999831803,Optimization terminated successfully
Palmer Penguins,3,42,10,300,0.0001,50,most_parsimonious,Unweighted k-means,All features mutable,α < 1,0.9893549112643493,180,1,0,True,2.0,2.0,1.5968929684847242,2.5273646104072314,1.2440529566168812,0.2440529566168812,True,6.167900000036752,Optimization terminated successfully
Palmer Penguins,3,42,10,300,0.0001,50,most_parsimonious,Unweighted k-means,Random 25% immutable,α = 1,1.0,180,1,0,True,2.0,2.0,2.761308800010545,3.3234372568234503,1.0286149295586644,0.028614929558664404,True,2.517800000077841,Optimization terminated successfully
Palmer Penguins,3,42,10,300,0.0001,50,most_parsimonious,Unweighted k-means,Random 25% immutable,α < 1,0.9893549112643493,180,1,0,True,2.0,2.0,2.8099473394013756,3.3525795080214733,1.0196737084663614,0.019673708466361406,True,6.268900000122812,Optimization terminated successfully
Palmer Penguins,3,42,10,300,0.0001,50,most_parsimonious,Unweighted k-means,Random 50% immutable,α = 1,1.0,180,1,0,True,1.0,1.0,1.56925767385199,2.505400306419707,1.254956907155304,0.25495690715530395,True,2.3611999999957334,Optimization terminated successfully
Palmer Penguins,3,42,10,300,0.0001,50,most_parsimonious,Unweighted k-means,Random 50% immutable,α < 1,0.9893549112643493,180,1,0,True,1.0,1.0,1.596899059409343,2.5273694303835703,1.2440482115245202,0.24404821152452016,True,1.374999999825377,Optimization terminated successfully
Palmer Penguins,3,42,10,300,0.0001,50,most_parsimonious,Unweighted k-means,Random 75% immutable,α = 1,1.0,180,1,0,True,1.0,1.0,2.7613273330232375,3.323448409723393,1.0286080258561825,0.028608025856182495,True,3.6649999997280247,Optimization terminated successfully
Palmer Penguins,3,42,10,300,0.0001,50,most_parsimonious,Unweighted k-means,Random 75% immutable,α < 1,0.9893549112643493,180,1,0,True,1.0,1.0,2.809966198860221,3.3525907587179327,1.0196668647585636,0.019666864758563607,True,3.036699999938719,Optimization terminated successfully
Palmer Penguins,3,42,10,300,0.0001,50,most_parsimonious,Unweighted k-means,All features mutable,α = 1,1.0,263,1,0,True,2.0,2.0,0.437609047433187,1.3230405094828912,2.4148073318987917,1.4148073318987917,True,6.472100000337377,Optimization terminated successfully
Palmer Penguins,3,42,10,300,0.0001,50,most_parsimonious,Unweighted k-means,All features mutable,α < 1,0.9893549112643493,263,1,0,True,2.0,2.0,0.45226270033982086,1.3450095915491769,2.3753644158283844,1.3753644158283844,True,11.206800000309158,Optimization terminated successfully
Palmer Penguins,3,42,10,300,0.0001,50,most_parsimonious,Unweighted k-means,Random 25% immutable,α = 1,1.0,263,1,0,True,2.0,2.0,0.437609047433187,1.3230405094828912,2.4148073318987917,1.4148073318987917,True,6.827400000020134,Optimization terminated successfully
Palmer Penguins,3,42,10,300,0.0001,50,most_parsimonious,Unweighted k-means,Random 25% immutable,α < 1,0.9893549112643493,263,1,0,True,2.0,2.0,0.45226270033982086,1.3450095915491769,2.3753644158283844,1.3753644158283844,True,10.786800000005314,Optimization terminated successfully
Palmer Penguins,3,42,10,300,0.0001,50,most_parsimonious,Unweighted k-means,Random 50% immutable,α = 1,1.0,263,1,0,True,1.0,1.0,0.43761071657681105,1.323043032674011,2.4147981213195173,1.4147981213195173,True,1.3794000001325912,Optimization terminated successfully
Palmer Penguins,3,42,10,300,0.0001,50,most_parsimonious,Unweighted k-means,Random 50% immutable,α < 1,0.9893549112643493,263,1,0,True,1.0,1.0,0.4522644253759166,1.3450121566378745,2.3753553556811866,1.3753553556811866,True,1.368700000057288,Optimization terminated successfully
Palmer Penguins,3,42,10,300,0.0001,50,most_parsimonious,Unweighted k-means,Random 75% immutable,α = 1,1.0,263,1,0,True,1.0,1.0,0.7481312401263573,1.7298916036866094,1.4076731797324433,0.4076731797324433,True,1.3625000001411536,Optimization terminated successfully
Palmer Penguins,3,42,10,300,0.0001,50,most_parsimonious,Unweighted k-means,Random 75% immutable,α < 1,0.9893549112643493,263,1,0,True,1.0,1.0,0.7731829514328875,1.7586164464520255,1.3816982115412693,0.38169821154126926,True,1.3666999998349638,Optimization terminated successfully
Palmer Penguins,3,42,10,300,0.0001,50,most_parsimonious,Unweighted k-means,All features mutable,α = 1,1.0,55,2,1,True,3.0,3.0,1.0559179918778616,2.055157406991359,1.7109933228523653,0.7109933228523653,True,8.403700000144454,Optimization terminated successfully
Palmer Penguins,3,42,10,300,0.0001,50,most_parsimonious,Unweighted k-means,All features mutable,α < 1,0.6767622979364194,55,2,1,True,3.0,3.0,1.8525088664764575,2.7221380321184725,1.3649778302292022,0.36497783022920216,True,11.862999999721069,Optimization terminated successfully
Palmer Penguins,3,42,10,300,0.0001,50,most_parsimonious,Unweighted k-means,Random 25% immutable,α = 1,1.0,55,2,1,True,2.0,2.0,2.412721580782892,3.1065875688819022,1.0316395513949395,0.03163955139493946,True,4.625200000191398,Optimization terminated successfully
Palmer Penguins,3,42,10,300,0.0001,50,most_parsimonious,Unweighted k-means,Random 25% immutable,α < 1,0.6767622979364194,55,2,1,True,3.0,3.0,1.9950475049397252,2.8249230112976353,1.6103571226436948,0.6103571226436948,True,6.641099999797007,Optimization terminated successfully
Palmer Penguins,3,42,10,300,0.0001,50,most_parsimonious,Unweighted k-means,Random 50% immutable,α = 1,1.0,55,2,1,True,2.0,2.0,1.626589917528568,2.5507566857923303,1.348963681683254,0.348963681683254,True,2.3837999997340376,Optimization terminated successfully
Palmer Penguins,3,42,10,300,0.0001,50,most_parsimonious,Unweighted k-means,Random 50% immutable,α < 1,0.6767622979364194,55,2,1,True,2.0,2.0,2.9171055037135263,3.4159072023188957,1.0073102007702062,0.0073102007702061655,True,3.1235000001288427,Optimization terminated successfully
Palmer Penguins,3,42,10,300,0.0001,50,most_parsimonious,Unweighted k-means,Random 75% immutable,α = 1,1.0,55,2,1,True,1.0,1.0,2.412737774190795,3.1065979940705524,1.0316326274408314,0.031632627440831396,True,1.3176000002204091,Optimization terminated successfully
Palmer Penguins,3,42,10,300,0.0001,50,most_parsimonious,Unweighted k-means,Random 75% immutable,α < 1,0.6767622979364194,55,2,1,False,,,,,,,False,8.07729999996809,No feasible counterfactual found.
Palmer Penguins,3,42,10,300,0.0001,50,most_parsimonious,Unweighted k-means,All features mutable,α = 1,1.0,209,1,2,True,1.0,1.0,0.6702602211358918,1.6373884342279834,1.2435051674121744,0.24350516741217443,True,1.3483000002452172,Optimization terminated successfully
Palmer Penguins,3,42,10,300,0.0001,50,most_parsimonious,Unweighted k-means,All features mutable,α < 1,0.9580439243793857,209,1,2,True,1.0,1.0,0.8086477581467725,1.7984968814504767,1.132112599150755,0.13211259915075502,True,1.3374000000112574,Optimization terminated successfully
Palmer Penguins,3,42,10,300,0.0001,50,most_parsimonious,Unweighted k-means,Random 25% immutable,α = 1,1.0,209,1,2,True,1.0,1.0,0.6702602211358918,1.6373884342279834,1.2435051674121744,0.24350516741217443,True,1.3681000000360655,Optimization terminated successfully
Palmer Penguins,3,42,10,300,0.0001,50,most_parsimonious,Unweighted k-means,Random 25% immutable,α < 1,0.9580439243793857,209,1,2,True,1.0,1.0,0.8086477581467725,1.7984968814504767,1.132112599150755,0.13211259915075502,True,1.4165999996293976,Optimization terminated successfully
Palmer Penguins,3,42,10,300,0.0001,50,most_parsimonious,Unweighted k-means,Random 50% immutable,α = 1,1.0,209,1,2,True,1.0,1.0,0.6702602211358918,1.6373884342279834,1.2435051674121744,0.24350516741217443,True,1.398599999902217,Optimization terminated successfully
Palmer Penguins,3,42,10,300,0.0001,50,most_parsimonious,Unweighted k-means,Random 50% immutable,α < 1,0.9580439243793857,209,1,2,True,1.0,1.0,0.8086477581467725,1.7984968814504767,1.132112599150755,0.13211259915075502,True,1.396199999817327,Optimization terminated successfully
Palmer Penguins,3,42,10,300,0.0001,50,most_parsimonious,Unweighted k-means,Random 75% immutable,α = 1,1.0,209,1,2,False,,,,,,,False,16.053000000283646,No feasible counterfactual found.
Palmer Penguins,3,42,10,300,0.0001,50,most_parsimonious,Unweighted k-means,Random 75% immutable,α < 1,0.9580439243793857,209,1,2,False,,,,,,,False,0.6165999998302141,No feasible counterfactual found.
Palmer Penguins,3,42,10,300,0.0001,50,most_parsimonious,Unweighted k-means,All features mutable,α = 1,1.0,290,0,2,True,1.0,1.0,0.5610724444816801,1.498095383454178,2.2284775137737425,1.2284775137737425,True,1.4063999997233623,Optimization terminated successfully
Palmer Penguins,3,42,10,300,0.0001,50,most_parsimonious,Unweighted k-means,All features mutable,α < 1,0.9580439243793857,290,0,2,True,1.0,1.0,0.5942160068891719,1.5417081525232612,2.165436999247831,1.1654369992478308,True,1.3851999997314124,Optimization terminated successfully
Palmer Penguins,3,42,10,300,0.0001,50,most_parsimonious,Unweighted k-means,Random 25% immutable,α = 1,1.0,290,0,2,True,1.0,1.0,0.5610724444816801,1.498095383454178,2.2284775137737425,1.2284775137737425,True,1.360700000077486,Optimization terminated successfully
Palmer Penguins,3,42,10,300,0.0001,50,most_parsimonious,Unweighted k-means,Random 25% immutable,α < 1,0.9580439243793857,290,0,2,True,1.0,1.0,0.5942160068891719,1.5417081525232612,2.165436999247831,1.1654369992478308,True,1.3689000002159446,Optimization terminated successfully
Palmer Penguins,3,42,10,300,0.0001,50,most_parsimonious,Unweighted k-means,Random 50% immutable,α = 1,1.0,290,0,2,False,,,,,,,False,10.58050000028743,No feasible counterfactual found.
Palmer Penguins,3,42,10,300,0.0001,50,most_parsimonious,Unweighted k-means,Random 50% immutable,α < 1,0.9580439243793857,290,0,2,False,,,,,,,False,9.527299999717798,No feasible counterfactual found.
Palmer Penguins,3,42,10,300,0.0001,50,most_parsimonious,Unweighted k-means,Random 75% immutable,α = 1,1.0,290,0,2,False,,,,,,,False,4.002399999990303,No feasible counterfactual found.
Palmer Penguins,3,42,10,300,0.0001,50,most_parsimonious,Unweighted k-means,Random 75% immutable,α < 1,0.9580439243793857,290,0,2,False,,,,,,,False,0.9896000001390348,No feasible counterfactual found.
Palmer Penguins,3,42,10,300,0.0001,50,most_parsimonious,Unweighted k-means,All features mutable,α = 1,1.0,303,0,1,True,2.0,2.0,0.6719916962064592,1.6395019929313404,2.134284055795848,1.134284055795848,True,2.8993000000809843,Optimization terminated successfully
Palmer Penguins,3,42,10,300,0.0001,50,most_parsimonious,Unweighted k-means,All features mutable,α < 1,0.6767622979364194,303,0,1,True,2.0,2.0,1.3300920193678267,2.3065923084653055,1.51702706635994,0.5170270663599399,True,98.5660999999709,Optimization terminated successfully
Palmer Penguins,3,42,10,300,0.0001,50,most_parsimonious,Unweighted k-means,Random 25% immutable,α = 1,1.0,303,0,1,True,2.0,2.0,0.6719916962064592,1.6395019929313404,2.134284055795848,1.134284055795848,True,2.8975999998692714,Optimization terminated successfully
Palmer Penguins,3,42,10,300,0.0001,50,most_parsimonious,Unweighted k-means,Random 25% immutable,α < 1,0.6767622979364194,303,0,1,True,2.0,2.0,1.3300920193678267,2.3065923084653055,1.51702706635994,0.5170270663599399,True,96.10459999976229,Optimization terminated successfully
Palmer Penguins,3,42,10,300,0.0001,50,most_parsimonious,Unweighted k-means,Random 50% immutable,α = 1,1.0,303,0,1,True,2.0,2.0,0.5827027787583012,1.526699418691579,1.7277801312706504,0.7277801312706504,True,2.8991999997742823,Optimization terminated successfully
Palmer Penguins,3,42,10,300,0.0001,50,most_parsimonious,Unweighted k-means,Random 50% immutable,α < 1,0.6767622979364194,303,0,1,True,2.0,2.0,1.1533599597512763,2.1478919523581963,1.22808826364228,0.22808826364228008,True,11.730399999578367,Optimization terminated successfully
Palmer Penguins,3,42,10,300,0.0001,50,most_parsimonious,Unweighted k-means,Random 75% immutable,α = 1,1.0,303,0,1,True,1.0,1.0,1.1488290381252027,2.1436688532748733,1.01945125851836,0.019451258518359937,True,1.3778000002275803,Optimization terminated successfully
Palmer Penguins,3,42,10,300,0.0001,50,most_parsimonious,Unweighted k-means,Random 75% immutable,α < 1,0.6767622979364194,303,0,1,False,,,,,,,False,7.142800000110583,No feasible counterfactual found.
Palmer Penguins,3,42,10,300,0.0001,50,most_parsimonious,Unweighted k-means,All features mutable,α = 1,1.0,129,2,1,True,3.0,3.0,1.2169002725592946,2.2062640572327643,1.6999949490021815,0.6999949490021815,True,23.262199999862787,Optimization terminated successfully
Palmer Penguins,3,42,10,300,0.0001,50,most_parsimonious,Unweighted k-means,All features mutable,α < 1,0.6767622979364194,129,2,1,True,3.0,3.0,2.05812123328581,2.8692307214902115,1.3811249552964666,0.3811249552964666,True,20.906799999920622,Optimization terminated successfully
Palmer Penguins,3,42,10,300,0.0001,50,most_parsimonious,Unweighted k-means,Random 25% immutable,α = 1,1.0,129,2,1,True,3.0,3.0,1.2169002725592946,2.2062640572327643,1.6999949490021815,0.6999949490021815,True,22.271899999850575,Optimization terminated successfully
Palmer Penguins,3,42,10,300,0.0001,50,most_parsimonious,Unweighted k-means,Random 25% immutable,α < 1,0.6767622979364194,129,2,1,True,3.0,3.0,2.05812123328581,2.8692307214902115,1.3811249552964666,0.3811249552964666,True,20.583600000009028,Optimization terminated successfully
Palmer Penguins,3,42,10,300,0.0001,50,most_parsimonious,Unweighted k-means,Random 50% immutable,α = 1,1.0,129,2,1,True,2.0,2.0,1.8515083427762855,2.721402831464894,1.3793199212302065,0.3793199212302065,True,2.5337000001854904,Optimization terminated successfully
Palmer Penguins,3,42,10,300,0.0001,50,most_parsimonious,Unweighted k-means,Random 50% immutable,α < 1,0.6767622979364194,129,2,1,True,2.0,2.0,3.2158412294971974,3.5865533479914653,1.0465995649759368,0.04659956497593676,True,7.965999999669293,Optimization terminated successfully
Palmer Penguins,3,42,10,300,0.0001,50,most_parsimonious,Unweighted k-means,Random 75% immutable,α = 1,1.0,129,2,1,False,,,,,,,False,5.133999999998196,No feasible counterfactual found.
Palmer Penguins,3,42,10,300,0.0001,50,most_parsimonious,Unweighted k-means,Random 75% immutable,α < 1,0.6767622979364194,129,2,1,False,,,,,,,False,6.785900000068068,No feasible counterfactual found.
Palmer Penguins,3,42,10,300,0.0001,50,most_parsimonious,Unweighted k-means,All features mutable,α = 1,1.0,29,2,1,True,3.0,3.0,1.4211762902466702,2.3842619740680093,1.2605419012743566,0.2605419012743566,True,8.346099999926082,Optimization terminated successfully
Palmer Penguins,3,42,10,300,0.0001,50,most_parsimonious,Unweighted k-means,All features mutable,α < 1,0.6767622979364194,29,2,1,True,3.0,3.0,2.335581455153932,3.05652185017803,1.0262829494878816,0.02628294948788157,True,11.539199999788252,Optimization terminated successfully
Palmer Penguins,3,42,10,300,0.0001,50,most_parsimonious,Unweighted k-means,Random 25% immutable,α = 1,1.0,29,2,1,True,2.0,2.0,3.0959533493186604,3.519064278650596,1.0727489874510476,0.07274898745104763,True,2.1200999999564374,Optimization terminated successfully
Palmer Penguins,3,42,10,300,0.0001,50,most_parsimonious,Unweighted k-means,Random 25% immutable,α < 1,0.6767622979364194,29,2,1,True,3.0,3.0,2.4550197130699964,3.133700504560062,1.7132589209802451,0.7132589209802451,True,9.179799999856186,Optimization terminated successfully
Palmer Penguins,3,42,10,300,0.0001,50,most_parsimonious,Unweighted k-means,Random 50% immutable,α = 1,1.0,29,2,1,True,2.0,2.0,3.0959533493186604,3.519064278650596,1.0727489874510476,0.07274898745104763,True,2.1393000001808105,Optimization terminated successfully
Palmer Penguins,3,42,10,300,0.0001,50,most_parsimonious,Unweighted k-means,Random 50% immutable,α < 1,0.6767622979364194,29,2,1,False,,,,,,,False,7.749899999907939,No feasible counterfactual found.
Palmer Penguins,3,42,10,300,0.0001,50,most_parsimonious,Unweighted k-means,Random 75% immutable,α = 1,1.0,29,2,1,False,,,,,,,False,1.0293000000274333,No feasible counterfactual found.
Palmer Penguins,3,42,10,300,0.0001,50,most_parsimonious,Unweighted k-means,Random 75% immutable,α < 1,0.6767622979364194,29,2,1,False,,,,,,,False,1.0162999997191946,No feasible counterfactual found.
Palmer Penguins,3,42,10,300,0.0001,50,most_parsimonious,Unweighted k-means,All features mutable,α = 1,1.0,255,1,0,True,2.0,2.0,1.2818197105802238,2.264349540667451,1.7244965701912272,0.7244965701912272,True,13.634999999794672,Optimization terminated successfully
Palmer Penguins,3,42,10,300,0.0001,50,most_parsimonious,Unweighted k-means,All features mutable,α < 1,0.9893549112643493,255,1,0,True,2.0,2.0,1.3068132111647714,2.2863186227337358,1.7079259985154003,0.7079259985154003,True,13.49900000013804,Optimization terminated successfully
Palmer Penguins,3,42,10,300,0.0001,50,most_parsimonious,Unweighted k-means,Random 25% immutable,α = 1,1.0,255,1,0,True,1.0,1.0,1.2818245997414763,2.264353859043658,1.724489992617324,0.724489992617324,True,1.4562000001205888,Optimization terminated successfully
Palmer Penguins,3,42,10,300,0.0001,50,most_parsimonious,Unweighted k-means,Random 25% immutable,α < 1,0.9893549112643493,255,1,0,True,1.0,1.0,1.3068181956571017,2.2863229830075205,1.7079194841179455,0.7079194841179455,True,1.3938000001871842,Optimization terminated successfully
Palmer Penguins,3,42,10,300,0.0001,50,most_parsimonious,Unweighted k-means,Random 50% immutable,α = 1,1.0,255,1,0,True,2.0,2.0,1.2818197105802238,2.264349540667451,1.7244965701912272,0.7244965701912272,True,13.335000000097352,Optimization terminated successfully
Palmer Penguins,3,42,10,300,0.0001,50,most_parsimonious,Unweighted k-means,Random 50% immutable,α < 1,0.9893549112643493,255,1,0,True,2.0,2.0,1.3068132111647714,2.2863186227337358,1.7079259985154003,0.7079259985154003,True,13.527800000247225,Optimization terminated successfully
Palmer Penguins,3,42,10,300,0.0001,50,most_parsimonious,Unweighted k-means,Random 75% immutable,α = 1,1.0,255,1,0,True,1.0,1.0,1.2818245997414763,2.264353859043658,1.724489992617324,0.724489992617324,True,1.3740999997935432,Optimization terminated successfully
Palmer Penguins,3,42,10,300,0.0001,50,most_parsimonious,Unweighted k-means,Random 75% immutable,α < 1,0.9893549112643493,255,1,0,True,1.0,1.0,1.3068181956571017,2.2863229830075205,1.7079194841179455,0.7079194841179455,True,1.5149000000747037,Optimization terminated successfully
Palmer Penguins,3,42,10,300,0.0001,50,most_parsimonious,Unweighted k-means,All features mutable,α = 1,1.0,292,0,1,True,2.0,2.0,1.9367367795162593,2.7833338136244166,1.0021437565996125,0.002143756599612523,True,45.73470000013913,Optimization terminated successfully
Palmer Penguins,3,42,10,300,0.0001,50,most_parsimonious,Unweighted k-means,All features mutable,α < 1,0.6767622979364194,292,0,1,True,3.0,3.0,1.897637769021995,2.7550954749496395,1.2678128564702158,0.2678128564702158,True,129.14139999975305,Optimization terminated successfully
Palmer Penguins,3,42,10,300,0.0001,50,most_parsimonious,Unweighted k-means,Random 25% immutable,α = 1,1.0,292,0,1,True,2.0,2.0,1.9367367795162593,2.7833338136244166,1.0021437565996125,0.002143756599612523,True,45.39149999982328,Optimization terminated successfully
Palmer Penguins,3,42,10,300,0.0001,50,most_parsimonious,Unweighted k-means,Random 25% immutable,α < 1,0.6767622979364194,292,0,1,True,3.0,3.0,1.8777796665982711,2.7406420171910604,1.2829202168898703,0.28292021688987035,True,136.8758000003254,Optimization terminated successfully
Palmer Penguins,3,42,10,300,0.0001,50,most_parsimonious,Unweighted k-means,Random 50% immutable,α = 1,1.0,292,0,1,True,2.0,2.0,1.6791896761104559,2.5916710255049393,1.6049911805055095,0.6049911805055095,True,6.384499999967375,Optimization terminated successfully
Palmer Penguins,3,42,10,300,0.0001,50,most_parsimonious,Unweighted k-means,Random 50% immutable,α < 1,0.6767622979364194,292,0,1,True,2.0,2.0,2.5806230624631317,3.212863559171557,1.2946734337283263,0.29467343372832633,True,4.223999999794614,Optimization terminated successfully
Palmer Penguins,3,42,10,300,0.0001,50,most_parsimonious,Unweighted k-means,Random 75% immutable,α = 1,1.0,292,0,1,False,,,,,,,False,11.54290000022229,No feasible counterfactual found.
Palmer Penguins,3,42,10,300,0.0001,50,most_parsimonious,Unweighted k-means,Random 75% immutable,α < 1,0.6767622979364194,292,0,1,False,,,,,,,False,11.026700000002165,No feasible counterfactual found.
Palmer Penguins,3,42,10,300,0.0001,50,most_parsimonious,Unweighted k-means,All features mutable,α = 1,1.0,331,0,1,True,2.0,2.0,1.1798895479298195,2.1724544164882444,1.5873522731066574,0.5873522731066574,True,88.17169999974794,Optimization terminated successfully
Palmer Penguins,3,42,10,300,0.0001,50,most_parsimonious,Unweighted k-means,All features mutable,α < 1,0.6767622979364194,331,0,1,True,2.0,2.0,2.0157535712887706,2.8395447320222096,1.214437799635985,0.21443779963598497,True,67.93849999985468,Optimization terminated successfully
Palmer Penguins,3,42,10,300,0.0001,50,most_parsimonious,Unweighted k-means,Random 25% immutable,α = 1,1.0,331,0,1,True,2.0,2.0,1.1798895479298195,2.1724544164882444,1.5873522731066574,0.5873522731066574,True,90.87369999997463,Optimization terminated successfully
Palmer Penguins,3,42,10,300,0.0001,50,most_parsimonious,Unweighted k-means,Random 25% immutable,α < 1,0.6767622979364194,331,0,1,True,2.0,2.0,2.0157535712887706,2.8395447320222096,1.214437799635985,0.21443779963598497,True,68.3619000001272,Optimization terminated successfully
Palmer Penguins,3,42,10,300,0.0001,50,most_parsimonious,Unweighted k-means,Random 50% immutable,α = 1,1.0,331,0,1,False,,,,,,,False,88.09870000004594,No feasible counterfactual found.
Palmer Penguins,3,42,10,300,0.0001,50,most_parsimonious,Unweighted k-means,Random 50% immutable,α < 1,0.6767622979364194,331,0,1,False,,,,,,,False,83.39399999977104,No feasible counterfactual found.
Palmer Penguins,3,42,10,300,0.0001,50,most_parsimonious,Unweighted k-means,Random 75% immutable,α = 1,1.0,331,0,1,False,,,,,,,False,10.970199999974284,No feasible counterfactual found.
Palmer Penguins,3,42,10,300,0.0001,50,most_parsimonious,Unweighted k-means,Random 75% immutable,α < 1,0.6767622979364194,331,0,1,False,,,,,,,False,6.65660000004209,No feasible counterfactual found.
Palmer Penguins,3,42,10,300,0.0001,50,most_parsimonious,Unweighted k-means,All features mutable,α = 1,1.0,193,1,0,True,2.0,2.0,0.630225626048737,1.587735023294173,2.4913322848499546,1.4913322848499546,True,4.64590000001408,Optimization terminated successfully
Palmer Penguins,3,42,10,300,0.0001,50,most_parsimonious,Unweighted k-means,All features mutable,α < 1,0.9893549112643493,193,1,0,True,2.0,2.0,0.6477868267035776,1.6097041053604573,2.457330828786211,1.457330828786211,True,4.628500000308122,Optimization terminated successfully
Palmer Penguins,3,42,10,300,0.0001,50,most_parsimonious,Unweighted k-means,Random 25% immutable,α = 1,1.0,193,1,0,True,1.0,1.0,0.6302280298772024,1.587738051288313,2.49132278240183,1.4913227824018298,True,1.2752000002365094,Optimization terminated successfully
Palmer Penguins,3,42,10,300,0.0001,50,most_parsimonious,Unweighted k-means,Random 25% immutable,α < 1,0.9893549112643493,193,1,0,True,1.0,1.0,0.647789297514586,1.6097071752521774,2.4573214560226946,1.4573214560226946,True,1.4070000001993321,Optimization terminated successfully
Palmer Penguins,3,42,10,300,0.0001,50,most_parsimonious,Unweighted k-means,Random 50% immutable,α = 1,1.0,193,1,0,True,2.0,2.0,0.5764381184248277,1.5184704388625123,1.0,0.0,False,6.859000000076776,Optimization terminated successfully
Palmer Penguins,3,42,10,300,0.0001,50,most_parsimonious,Unweighted k-means,Random 50% immutable,α < 1,0.9893549112643493,193,1,0,True,2.0,2.0,0.6414396394011271,1.6017985383950468,1.000000000000001,1.1102230246251565e-15,True,4.7451999998884276,Optimization terminated successfully
Palmer Penguins,3,42,10,300,0.0001,50,most_parsimonious,Unweighted k-means,Random 75% immutable,α = 1,1.0,193,1,0,True,1.0,1.0,0.6302280298772024,1.587738051288313,2.49132278240183,1.4913227824018298,True,1.384199999847624,Optimization terminated successfully
Palmer Penguins,3,42,10,300,0.0001,50,most_parsimonious,Unweighted k-means,Random 75% immutable,α < 1,0.9893549112643493,193,1,0,True,1.0,1.0,0.647789297514586,1.6097071752521774,2.4573214560226946,1.4573214560226946,True,1.4265999998315237,Optimization terminated successfully
Palmer Penguins,3,42,10,300,0.0001,50,most_parsimonious,Unweighted k-means,All features mutable,α = 1,1.0,224,1,2,True,2.0,2.0,2.0326172567264047,2.851397732149203,1.2652809000398586,0.2652809000398586,True,6.29239999989295,Optimization terminated successfully
Palmer Penguins,3,42,10,300,0.0001,50,most_parsimonious,Unweighted k-means,All features mutable,α < 1,0.9580439243793857,224,1,2,True,2.0,2.0,2.2042623093836546,2.9693516527239776,1.2150191646323891,0.21501916463238913,True,3.667699999823526,Optimization terminated successfully
Palmer Penguins,3,42,10,300,0.0001,50,most_parsimonious,Unweighted k-means,Random 25% immutable,α = 1,1.0,224,1,2,True,2.0,2.0,2.0326172567264047,2.851397732149203,1.2652809000398586,0.2652809000398586,True,6.199299999934738,Optimization terminated successfully
Palmer Penguins,3,42,10,300,0.0001,50,most_parsimonious,Unweighted k-means,Random 25% immutable,α < 1,0.9580439243793857,224,1,2,True,2.0,2.0,2.2042623093836546,2.9693516527239776,1.2150191646323891,0.21501916463238913,True,3.6198000002514163,Optimization terminated successfully
Palmer Penguins,3,42,10,300,0.0001,50,most_parsimonious,Unweighted k-means,Random 50% immutable,α = 1,1.0,224,1,2,True,2.0,2.0,2.0326172567264047,2.851397732149203,1.2652809000398586,0.2652809000398586,True,6.154700000024604,Optimization terminated successfully
Palmer Penguins,3,42,10,300,0.0001,50,most_parsimonious,Unweighted k-means,Random 50% immutable,α < 1,0.9580439243793857,224,1,2,True,2.0,2.0,2.2042623093836546,2.9693516527239776,1.2150191646323891,0.21501916463238913,True,3.8088000001152977,Optimization terminated successfully
Palmer Penguins,3,42,10,300,0.0001,50,most_parsimonious,Unweighted k-means,Random 75% immutable,α = 1,1.0,224,1,2,False,,,,,,,False,3.8635999999314663,No feasible counterfactual found.
Palmer Penguins,3,42,10,300,0.0001,50,most_parsimonious,Unweighted k-means,Random 75% immutable,α < 1,0.9580439243793857,224,1,2,False,,,,,,,False,26.81590000020151,No feasible counterfactual found.
Palmer Penguins,3,42,10,300,0.0001,50,most_parsimonious,Unweighted k-means,All features mutable,α = 1,1.0,145,2,1,True,2.0,2.0,1.2521760875242351,2.2380134830015974,1.3818723193359763,0.3818723193359763,True,2.2730000000592554,Optimization terminated successfully
Palmer Penguins,3,42,10,300,0.0001,50,most_parsimonious,Unweighted k-means,All features mutable,α < 1,0.6767622979364194,145,2,1,True,2.0,2.0,2.433661110103026,3.1200391728970494,1.038140660147074,0.03814066014707396,True,11.875799999870651,Optimization terminated successfully
Palmer Penguins,3,42,10,300,0.0001,50,most_parsimonious,Unweighted k-means,Random 25% immutable,α = 1,1.0,145,2,1,True,2.0,2.0,0.8754541678161365,1.871314156218711,1.9730852406590493,0.9730852406590493,True,2.391699999861885,Optimization terminated successfully
Palmer Penguins,3,42,10,300,0.0001,50,most_parsimonious,Unweighted k-means,Random 25% immutable,α < 1,0.6767622979364194,145,2,1,True,2.0,2.0,1.8060990055833561,2.6878236590843203,1.373699618455608,0.37369961845560806,True,2.409700000043813,Optimization terminated successfully
Palmer Penguins,3,42,10,300,0.0001,50,most_parsimonious,Unweighted k-means,Random 50% immutable,α = 1,1.0,145,2,1,True,2.0,2.0,1.2521760875242351,2.2380134830015974,1.3818723193359763,0.3818723193359763,True,2.083600000332808,Optimization terminated successfully
Palmer Penguins,3,42,10,300,0.0001,50,most_parsimonious,Unweighted k-means,Random 50% immutable,α < 1,0.6767622979364194,145,2,1,True,2.0,2.0,2.433661110103026,3.1200391728970494,1.038140660147074,0.03814066014707396,True,9.783999999854132,Optimization terminated successfully
Palmer Penguins,3,42,10,300,0.0001,50,most_parsimonious,Unweighted k-means,Random 75% immutable,α = 1,1.0,145,2,1,False,,,,,,,False,0.9237999997822044,No feasible counterfactual found.
Palmer Penguins,3,42,10,300,0.0001,50,most_parsimonious,Unweighted k-means,Random 75% immutable,α < 1,0.6767622979364194,145,2,1,False,,,,,,,False,0.9522999998807791,No feasible counterfactual found.
Palmer Penguins,3,42,10,300,0.0001,50,most_parsimonious,Unweighted k-means,All features mutable,α = 1,1.0,296,2,0,True,1.0,1.0,0.0638918483014286,0.5055367377409029,5.9506918366015205,4.9506918366015205,True,0.9744999997565174,Optimization terminated successfully
Palmer Penguins,3,42,10,300,0.0001,50,most_parsimonious,Unweighted k-means,All features mutable,α < 1,0.9893549112643493,296,2,0,True,1.0,1.0,0.066719448567414,0.5166021624709444,5.823230247407554,4.823230247407554,True,0.9752000000844419,Optimization terminated successfully
Palmer Penguins,3,42,10,300,0.0001,50,most_parsimonious,Unweighted k-means,Random 25% immutable,α = 1,1.0,296,2,0,True,1.0,1.0,0.0638918483014286,0.5055367377409029,5.9506918366015205,4.9506918366015205,True,0.9714000002531975,Optimization terminated successfully
Palmer Penguins,3,42,10,300,0.0001,50,most_parsimonious,Unweighted k-means,Random 25% immutable,α < 1,0.9893549112643493,296,2,0,True,1.0,1.0,0.066719448567414,0.5166021624709444,5.823230247407554,4.823230247407554,True,0.9832000000642438,Optimization terminated successfully
Palmer Penguins,3,42,10,300,0.0001,50,most_parsimonious,Unweighted k-means,Random 50% immutable,α = 1,1.0,296,2,0,True,2.0,2.0,0.3927213776905467,1.2533497160657863,2.848694622618694,1.848694622618694,True,6.059400000140158,Optimization terminated successfully
Palmer Penguins,3,42,10,300,0.0001,50,most_parsimonious,Unweighted k-means,Random 50% immutable,α < 1,0.9893549112643493,296,2,0,True,2.0,2.0,0.41010167113231816,1.2807836212761594,2.7876766544733917,1.7876766544733917,True,2.3349999996753468,Optimization terminated successfully
Palmer Penguins,3,42,10,300,0.0001,50,most_parsimonious,Unweighted k-means,Random 75% immutable,α = 1,1.0,296,2,0,True,1.0,1.0,0.0638918483014286,0.5055367377409029,5.9506918366015205,4.9506918366015205,True,0.9627999997974257,Optimization terminated successfully
Palmer Penguins,3,42,10,300,0.0001,50,most_parsimonious,Unweighted k-means,Random 75% immutable,α < 1,0.9893549112643493,296,2,0,True,1.0,1.0,0.066719448567414,0.5166021624709444,5.823230247407554,4.823230247407554,True,0.9663999999247608,Optimization terminated successfully
Palmer Penguins,3,42,10,300,0.0001,50,most_parsimonious,Unweighted k-means,All features mutable,α = 1,1.0,220,1,0,True,2.0,2.0,1.985772164087042,2.8183485689935814,1.1695902247226475,0.1695902247226475,True,7.112599999800295,Optimization terminated successfully
Palmer Penguins,3,42,10,300,0.0001,50,most_parsimonious,Unweighted k-means,All features mutable,α < 1,0.9893549112643493,220,1,0,True,2.0,2.0,2.0168510897305585,2.8403176510598658,1.1605437634645104,0.16054376346451038,True,3.1155000001490407,Optimization terminated successfully
Palmer Penguins,3,42,10,300,0.0001,50,most_parsimonious,Unweighted k-means,Random 25% immutable,α = 1,1.0,220,1,0,True,2.0,2.0,1.985772164087042,2.8183485689935814,1.1695902247226475,0.1695902247226475,True,7.343799999944167,Optimization terminated successfully
Palmer Penguins,3,42,10,300,0.0001,50,most_parsimonious,Unweighted k-means,Random 25% immutable,α < 1,0.9893549112643493,220,1,0,True,2.0,2.0,2.0168510897305585,2.8403176510598658,1.1605437634645104,0.16054376346451038,True,3.2299999998031126,Optimization terminated successfully
Palmer Penguins,3,42,10,300,0.0001,50,most_parsimonious,Unweighted k-means,Random 50% immutable,α = 1,1.0,220,1,0,False,,,,,,,False,10.792600000058883,No feasible counterfactual found.
Palmer Penguins,3,42,10,300,0.0001,50,most_parsimonious,Unweighted k-means,Random 50% immutable,α < 1,0.9893549112643493,220,1,0,False,,,,,,,False,12.901600000077451,No feasible counterfactual found.
Palmer Penguins,3,42,10,300,0.0001,50,most_parsimonious,Unweighted k-means,Random 75% immutable,α = 1,1.0,220,1,0,False,,,,,,,False,7.796800000051007,No feasible counterfactual found.
Palmer Penguins,3,42,10,300,0.0001,50,most_parsimonious,Unweighted k-means,Random 75% immutable,α < 1,0.9893549112643493,220,1,0,False,,,,,,,False,0.9963000002244371,No feasible counterfactual found.
Palmer Penguins,3,42,10,300,0.0001,50,most_parsimonious,Unweighted k-means,All features mutable,α = 1,1.0,20,2,0,True,1.0,1.0,0.4110924356732154,1.2823298104204166,3.132713728724739,2.132713728724739,True,1.356599999780883,Optimization terminated successfully
Palmer Penguins,3,42,10,300,0.0001,50,most_parsimonious,Unweighted k-means,All features mutable,α < 1,0.9893549112643493,20,2,0,True,1.0,1.0,0.4182178085774776,1.2933952351504587,3.105912324928056,2.105912324928056,True,1.394099999743048,Optimization terminated successfully
Palmer Penguins,3,42,10,300,0.0001,50,most_parsimonious,Unweighted k-means,Random 25% immutable,α = 1,1.0,20,2,0,True,1.0,1.0,0.4110924356732154,1.2823298104204166,3.132713728724739,2.132713728724739,True,1.4912999999978638,Optimization terminated successfully
Palmer Penguins,3,42,10,300,0.0001,50,most_parsimonious,Unweighted k-means,Random 25% immutable,α < 1,0.9893549112643493,20,2,0,True,1.0,1.0,0.4182178085774776,1.2933952351504587,3.105912324928056,2.105912324928056,True,2.404100000148901,Optimization terminated successfully
Palmer Penguins,3,42,10,300,0.0001,50,most_parsimonious,Unweighted k-means,Random 50% immutable,α = 1,1.0,20,2,0,False,,,,,,,False,13.894100000015897,No feasible counterfactual found.
Palmer Penguins,3,42,10,300,0.0001,50,most_parsimonious,Unweighted k-means,Random 50% immutable,α < 1,0.9893549112643493,20,2,0,False,,,,,,,False,3.6524000001918466,No feasible counterfactual found.
Palmer Penguins,3,42,10,300,0.0001,50,most_parsimonious,Unweighted k-means,Random 75% immutable,α = 1,1.0,20,2,0,False,,,,,,,False,5.81030000012106,No feasible counterfactual found.
Palmer Penguins,3,42,10,300,0.0001,50,most_parsimonious,Unweighted k-means,Random 75% immutable,α < 1,0.9893549112643493,20,2,0,False,,,,,,,False,2.2552999998879386,No feasible counterfactual found.
Palmer Penguins,3,42,10,300,0.0001,50,most_parsimonious,Unweighted k-means,All features mutable,α = 1,1.0,232,1,2,True,2.0,2.0,3.815822755940176,3.9068262085432854,1.1895196799082919,0.18951967990829188,True,10.220099999969534,Optimization terminated successfully
Palmer Penguins,3,42,10,300,0.0001,50,most_parsimonious,Unweighted k-means,All features mutable,α < 1,0.9580439243793857,232,1,2,True,2.0,2.0,4.041088943534177,4.020491981603334,1.1658653095557059,0.1658653095557059,True,11.09199999973498,Optimization terminated successfully
Palmer Penguins,3,42,10,300,0.0001,50,most_parsimonious,Unweighted k-means,Random 25% immutable,α = 1,1.0,232,1,2,True,2.0,2.0,3.815822755940176,3.9068262085432854,1.1895196799082919,0.18951967990829188,True,10.649000000285014,Optimization terminated successfully
Palmer Penguins,3,42,10,300,0.0001,50,most_parsimonious,Unweighted k-means,Random 25% immutable,α < 1,0.9580439243793857,232,1,2,True,2.0,2.0,4.041088943534177,4.020491981603334,1.1658653095557059,0.1658653095557059,True,10.564300000169169,Optimization terminated successfully
Palmer Penguins,3,42,10,300,0.0001,50,most_parsimonious,Unweighted k-means,Random 50% immutable,α = 1,1.0,232,1,2,True,2.0,2.0,3.2040727276263024,3.579984764004619,1.3006477085899815,0.30064770858998147,True,10.301499999968655,Optimization terminated successfully
Palmer Penguins,3,42,10,300,0.0001,50,most_parsimonious,Unweighted k-means,Random 50% immutable,α < 1,0.9580439243793857,232,1,2,True,2.0,2.0,3.401782095558686,3.6887841333201843,1.2622855763466507,0.26228557634665073,True,11.870299999827694,Optimization terminated successfully
Palmer Penguins,3,42,10,300,0.0001,50,most_parsimonious,Unweighted k-means,Random 75% immutable,α = 1,1.0,232,1,2,False,,,,,,,False,9.13849999960803,No feasible counterfactual found.
Palmer Penguins,3,42,10,300,0.0001,50,most_parsimonious,Unweighted k-means,Random 75% immutable,α < 1,0.9580439243793857,232,1,2,False,,,,,,,False,9.454399999867746,No feasible counterfactual found.
Palmer Penguins,3,42,10,300,0.0001,50,most_parsimonious,Unweighted k-means,All features mutable,α = 1,1.0,142,2,0,True,1.0,1.0,0.09313723939146384,0.6103678870696388,5.6799754924905805,4.6799754924905805,True,1.361900000119931,Optimization terminated successfully
Palmer Penguins,3,42,10,300,0.0001,50,most_parsimonious,Unweighted k-means,All features mutable,α < 1,0.9893549112643493,142,2,0,True,1.0,1.0,0.09654484025357957,0.62143331179968,5.578836174582736,4.578836174582736,True,1.369900000099733,Optimization terminated successfully
Palmer Penguins,3,42,10,300,0.0001,50,most_parsimonious,Unweighted k-means,Random 25% immutable,α = 1,1.0,142,2,0,True,1.0,1.0,0.09313723939146384,0.6103678870696388,5.6799754924905805,4.6799754924905805,True,1.384300000154326,Optimization terminated successfully
Palmer Penguins,3,42,10,300,0.0001,50,most_parsimonious,Unweighted k-means,Random 25% immutable,α < 1,0.9893549112643493,142,2,0,True,1.0,1.0,0.09654484025357957,0.62143331179968,5.578836174582736,4.578836174582736,True,1.3823999997839564,Optimization terminated successfully
Palmer Penguins,3,42,10,300,0.0001,50,most_parsimonious,Unweighted k-means,Random 50% immutable,α = 1,1.0,142,2,0,True,1.0,1.0,0.09313723939146384,0.6103678870696388,5.6799754924905805,4.6799754924905805,True,1.3809000001856475,Optimization terminated successfully
Palmer Penguins,3,42,10,300,0.0001,50,most_parsimonious,Unweighted k-means,Random 50% immutable,α < 1,0.9893549112643493,142,2,0,True,1.0,1.0,0.09654484025357957,0.62143331179968,5.578836174582736,4.578836174582736,True,1.3675999998667976,Optimization terminated successfully
Palmer Penguins,3,42,10,300,0.0001,50,most_parsimonious,Unweighted k-means,Random 75% immutable,α = 1,1.0,142,2,0,False,,,,,,,False,2.5335000000268337,No feasible counterfactual found.
Palmer Penguins,3,42,10,300,0.0001,50,most_parsimonious,Unweighted k-means,Random 75% immutable,α < 1,0.9893549112643493,142,2,0,False,,,,,,,False,2.549999999700958,No feasible counterfactual found.
Palmer Penguins,3,42,10,300,0.0001,50,most_parsimonious,Unweighted k-means,All features mutable,α = 1,1.0,282,0,2,True,1.0,1.0,0.15888844221849868,0.7972162622990042,3.1982689733928256,2.1982689733928256,True,1.0436000002300716,Optimization terminated successfully
Palmer Penguins,3,42,10,300,0.0001,50,most_parsimonious,Unweighted k-means,All features mutable,α < 1,0.9580439243793857,282,0,2,True,1.0,1.0,0.17674836499784916,0.8408290313680877,3.032378690167895,2.032378690167895,True,1.0279999996782863,Optimization terminated successfully
Palmer Penguins,3,42,10,300,0.0001,50,most_parsimonious,Unweighted k-means,Random 25% immutable,α = 1,1.0,282,0,2,True,1.0,1.0,0.15888844221849868,0.7972162622990042,3.1982689733928256,2.1982689733928256,True,1.0202000003118883,Optimization terminated successfully
Palmer Penguins,3,42,10,300,0.0001,50,most_parsimonious,Unweighted k-means,Random 25% immutable,α < 1,0.9580439243793857,282,0,2,True,1.0,1.0,0.17674836499784916,0.8408290313680877,3.032378690167895,2.032378690167895,True,1.2063999997735664,Optimization terminated successfully
Palmer Penguins,3,42,10,300,0.0001,50,most_parsimonious,Unweighted k-means,Random 50% immutable,α = 1,1.0,282,0,2,True,1.0,1.0,0.15888844221849868,0.7972162622990042,3.1982689733928256,2.1982689733928256,True,1.0709000002862012,Optimization terminated successfully
Palmer Penguins,3,42,10,300,0.0001,50,most_parsimonious,Unweighted k-means,Random 50% immutable,α < 1,0.9580439243793857,282,0,2,True,1.0,1.0,0.17674836499784916,0.8408290313680877,3.032378690167895,2.032378690167895,True,1.095300000088173,Optimization terminated successfully
Palmer Penguins,3,42,10,300,0.0001,50,most_parsimonious,Unweighted k-means,Random 75% immutable,α = 1,1.0,282,0,2,False,,,,,,,False,1.0252000001855777,No feasible counterfactual found.
Palmer Penguins,3,42,10,300,0.0001,50,most_parsimonious,Unweighted k-means,Random 75% immutable,α < 1,0.9580439243793857,282,0,2,False,,,,,,,False,1.0223999997833744,No feasible counterfactual found.
Palmer Penguins,3,42,10,300,0.0001,50,most_parsimonious,Unweighted k-means,All features mutable,α = 1,1.0,175,1,0,True,2.0,2.0,2.0020416533920375,2.829870423459023,1.5053164725894237,0.5053164725894237,True,6.106199999976525,Optimization terminated successfully
Palmer Penguins,3,42,10,300,0.0001,50,most_parsimonious,Unweighted k-means,All features mutable,α < 1,0.9893549112643493,175,1,0,True,2.0,2.0,2.033247141318713,2.8518395055253114,1.493720300689974,0.49372030068997397,True,5.327700000179902,Optimization terminated successfully
Palmer Penguins,3,42,10,300,0.0001,50,most_parsimonious,Unweighted k-means,Random 25% immutable,α = 1,1.0,175,1,0,True,1.0,1.0,2.00204928964883,2.829875820348893,1.5053107309527025,0.5053107309527025,True,1.2854000001425447,Optimization terminated successfully
Palmer Penguins,3,42,10,300,0.0001,50,most_parsimonious,Unweighted k-means,Random 25% immutable,α < 1,0.9893549112643493,175,1,0,True,1.0,1.0,2.033254896600555,2.851844944312755,1.4937146032886157,0.4937146032886157,True,1.328800000010233,Optimization terminated successfully
Palmer Penguins,3,42,10,300,0.0001,50,most_parsimonious,Unweighted k-means,Random 50% immutable,α = 1,1.0,175,1,0,False,,,,,,,False,7.628400000157853,No feasible counterfactual found.
Palmer Penguins,3,42,10,300,0.0001,50,most_parsimonious,Unweighted k-means,Random 50% immutable,α < 1,0.9893549112643493,175,1,0,False,,,,,,,False,5.954400000064197,No feasible counterfactual found.
Palmer Penguins,3,42,10,300,0.0001,50,most_parsimonious,Unweighted k-means,Random 75% immutable,α = 1,1.0,175,1,0,False,,,,,,,False,12.380299999676936,No feasible counterfactual found.
Palmer Penguins,3,42,10,300,0.0001,50,most_parsimonious,Unweighted k-means,Random 75% immutable,α < 1,0.9893549112643493,175,1,0,False,,,,,,,False,3.2235000003311143,No feasible counterfactual found.
Palmer Penguins,3,42,10,300,0.0001,50,most_parsimonious,Unweighted k-means,All features mutable,α = 1,1.0,73,2,0,True,1.0,1.0,0.5794561998468186,1.5224404091416106,2.903708887851692,1.9037088878516921,True,1.5680000001339067,Optimization terminated successfully
Palmer Penguins,3,42,10,300,0.0001,50,most_parsimonious,Unweighted k-means,All features mutable,α < 1,0.9893549112643493,73,2,0,True,1.0,1.0,0.5879100356295978,1.533505833871652,2.8827563936212957,1.8827563936212957,True,1.3165000000299187,Optimization terminated successfully
Palmer Penguins,3,42,10,300,0.0001,50,most_parsimonious,Unweighted k-means,Random 25% immutable,α = 1,1.0,73,2,0,True,1.0,1.0,0.5794561998468186,1.5224404091416106,2.903708887851692,1.9037088878516921,True,1.3435999999273918,Optimization terminated successfully
Palmer Penguins,3,42,10,300,0.0001,50,most_parsimonious,Unweighted k-means,Random 25% immutable,α < 1,0.9893549112643493,73,2,0,True,1.0,1.0,0.5879100356295978,1.533505833871652,2.8827563936212957,1.8827563936212957,True,1.3432999999167805,Optimization terminated successfully
Palmer Penguins,3,42,10,300,0.0001,50,most_parsimonious,Unweighted k-means,Random 50% immutable,α = 1,1.0,73,2,0,True,1.0,1.0,0.5794561998468186,1.5224404091416106,2.903708887851692,1.9037088878516921,True,1.3758000000052562,Optimization terminated successfully
Palmer Penguins,3,42,10,300,0.0001,50,most_parsimonious,Unweighted k-means,Random 50% immutable,α < 1,0.9893549112643493,73,2,0,True,1.0,1.0,0.5879100356295978,1.533505833871652,2.8827563936212957,1.8827563936212957,True,1.3441000000966596,Optimization terminated successfully
Palmer Penguins,3,42,10,300,0.0001,50,most_parsimonious,Unweighted k-means,Random 75% immutable,α = 1,1.0,73,2,0,False,,,,,,,False,2.9948999999760417,No feasible counterfactual found.
Palmer Penguins,3,42,10,300,0.0001,50,most_parsimonious,Unweighted k-means,Random 75% immutable,α < 1,0.9893549112643493,73,2,0,False,,,,,,,False,15.584700000090379,No feasible counterfactual found.
Palmer Penguins,3,42,10,300,0.0001,50,most_parsimonious,Unweighted k-means,All features mutable,α = 1,1.0,25,2,1,True,3.0,3.0,1.5614389323128015,2.4991510016906155,1.518514013533602,0.5185140135336019,True,32.13780000032784,Optimization terminated successfully
Palmer Penguins,3,42,10,300,0.0001,50,most_parsimonious,Unweighted k-means,All features mutable,α < 1,0.6767622979364194,25,2,1,True,3.0,3.0,2.4399529114588474,3.1240697248677707,1.2868953233831202,0.2868953233831202,True,14.980999999806954,Optimization terminated successfully
Palmer Penguins,3,42,10,300,0.0001,50,most_parsimonious,Unweighted k-means,Random 25% immutable,α = 1,1.0,25,2,1,True,3.0,3.0,2.0317075040704973,2.8507595507657233,1.6914653180942372,0.6914653180942372,True,33.4419999999227,Optimization terminated successfully
Palmer Penguins,3,42,10,300,0.0001,50,most_parsimonious,Unweighted k-means,Random 25% immutable,α < 1,0.6767622979364194,25,2,1,True,3.0,3.0,3.0136110358347494,3.4719510571635364,1.388833206423843,0.3888332064238429,True,8.268000000043685,Optimization terminated successfully
Palmer Penguins,3,42,10,300,0.0001,50,most_parsimonious,Unweighted k-means,Random 50% immutable,α = 1,1.0,25,2,1,True,2.0,2.0,1.8559367085512877,2.7246553606291477,1.5864936976166177,0.5864936976166177,True,2.4719000002733083,Optimization terminated successfully
Palmer Penguins,3,42,10,300,0.0001,50,most_parsimonious,Unweighted k-means,Random 50% immutable,α < 1,0.6767622979364194,25,2,1,True,2.0,2.0,3.1349621476124563,3.5411648634947546,1.2206854960742377,0.2206854960742377,True,2.535799999805022,Optimization terminated successfully
Palmer Penguins,3,42,10,300,0.0001,50,most_parsimonious,Unweighted k-means,Random 75% immutable,α = 1,1.0,25,2,1,False,,,,,,,False,1.07060000027559,No feasible counterfactual found.
Palmer Penguins,3,42,10,300,0.0001,50,most_parsimonious,Unweighted k-means,Random 75% immutable,α < 1,0.6767622979364194,25,2,1,False,,,,,,,False,1.0229999998045969,No feasible counterfactual found.
Palmer Penguins,3,42,10,300,0.0001,50,most_parsimonious,Unweighted k-means,All features mutable,α = 1,1.0,247,1,2,True,2.0,2.0,1.6774429752707336,2.5903227407184097,1.4759133957074726,0.4759133957074726,True,3.3306999998785614,Optimization terminated successfully
Palmer Penguins,3,42,10,300,0.0001,50,most_parsimonious,Unweighted k-means,All features mutable,α < 1,0.9580439243793857,247,1,2,True,2.0,2.0,1.8253365588325863,2.7021003377614137,1.43336405561379,0.4333640556137901,True,2.5017000002662826,Optimization terminated successfully
Palmer Penguins,3,42,10,300,0.0001,50,most_parsimonious,Unweighted k-means,Random 25% immutable,α = 1,1.0,247,1,2,True,2.0,2.0,1.6774429752707336,2.5903227407184097,1.4759133957074726,0.4759133957074726,True,3.3924999997907435,Optimization terminated successfully
Palmer Penguins,3,42,10,300,0.0001,50,most_parsimonious,Unweighted k-means,Random 25% immutable,α < 1,0.9580439243793857,247,1,2,True,2.0,2.0,1.8253365588325863,2.7021003377614137,1.43336405561379,0.4333640556137901,True,2.428000000236352,Optimization terminated successfully
Palmer Penguins,3,42,10,300,0.0001,50,most_parsimonious,Unweighted k-means,Random 50% immutable,α = 1,1.0,247,1,2,False,,,,,,,False,9.655199999997421,No feasible counterfactual found.
Palmer Penguins,3,42,10,300,0.0001,50,most_parsimonious,Unweighted k-means,Random 50% immutable,α < 1,0.9580439243793857,247,1,2,False,,,,,,,False,9.738600000218867,No feasible counterfactual found.
Palmer Penguins,3,42,10,300,0.0001,50,most_parsimonious,Unweighted k-means,Random 75% immutable,α = 1,1.0,247,1,2,False,,,,,,,False,13.606199999685487,No feasible counterfactual found.
Palmer Penguins,3,42,10,300,0.0001,50,most_parsimonious,Unweighted k-means,Random 75% immutable,α < 1,0.9580439243793857,247,1,2,False,,,,,,,False,6.322899999759102,No feasible counterfactual found.
Palmer Penguins,3,42,10,300,0.0001,50,most_parsimonious,Unweighted k-means,All features mutable,α = 1,1.0,227,1,0,True,2.0,2.0,0.6132618739970888,1.566220768598206,2.363659749711478,1.363659749711478,True,5.7601999997132225,Optimization terminated successfully
Palmer Penguins,3,42,10,300,0.0001,50,most_parsimonious,Unweighted k-means,All features mutable,α < 1,0.9893549112643493,227,1,0,True,2.0,2.0,0.6305867504384244,1.5881898506644907,2.3309637625085533,1.3309637625085533,True,3.246199999921373,Optimization terminated successfully
Palmer Penguins,3,42,10,300,0.0001,50,most_parsimonious,Unweighted k-means,Random 25% immutable,α = 1,1.0,227,1,0,True,2.0,2.0,0.6132618739970888,1.566220768598206,2.363659749711478,1.363659749711478,True,5.7314999999107386,Optimization terminated successfully
Palmer Penguins,3,42,10,300,0.0001,50,most_parsimonious,Unweighted k-means,Random 25% immutable,α < 1,0.9893549112643493,227,1,0,True,2.0,2.0,0.6305867504384244,1.5881898506644907,2.3309637625085533,1.3309637625085533,True,3.2554999997955747,Optimization terminated successfully
Palmer Penguins,3,42,10,300,0.0001,50,most_parsimonious,Unweighted k-means,Random 50% immutable,α = 1,1.0,227,1,0,True,1.0,1.0,0.613264213121824,1.566223755562179,2.3636507341531185,1.3636507341531185,True,1.3295999997353647,Optimization terminated successfully
Palmer Penguins,3,42,10,300,0.0001,50,most_parsimonious,Unweighted k-means,Random 50% immutable,α < 1,0.9893549112643493,227,1,0,True,1.0,1.0,0.6305891556443056,1.5881928795260425,2.330954871669852,1.330954871669852,True,1.3463999998748477,Optimization terminated successfully
Palmer Penguins,3,42,10,300,0.0001,50,most_parsimonious,Unweighted k-means,Random 75% immutable,α = 1,1.0,227,1,0,True,1.0,1.0,1.0791237553113306,2.0776176311451833,1.2683342338340688,0.26833423383406885,True,1.3312999999470776,Optimization terminated successfully
Palmer Penguins,3,42,10,300,0.0001,50,most_parsimonious,Unweighted k-means,Random 75% immutable,α < 1,0.9893549112643493,227,1,0,True,1.0,1.0,1.1096094034795834,2.1067599801397248,1.2507896444016906,0.2507896444016906,True,1.32160000021031,Optimization terminated successfully
Palmer Penguins,3,42,10,300,0.0001,50,most_parsimonious,Unweighted k-means,All features mutable,α = 1,1.0,57,2,1,True,3.0,3.0,1.9457765994582688,2.7898219294128928,1.2377144677206484,0.23771446772064841,True,8.719500000097469,Optimization terminated successfully
Palmer Penguins,3,42,10,300,0.0001,50,most_parsimonious,Unweighted k-means,All features mutable,α < 1,0.6767622979364194,57,2,1,True,3.0,3.0,3.0135968919421945,3.47194290963558,1.0,0.0,False,26.025599999684346,Optimization terminated successfully
Palmer Penguins,3,42,10,300,0.0001,50,most_parsimonious,Unweighted k-means,Random 25% immutable,α = 1,1.0,57,2,1,True,3.0,3.0,1.9457765994582688,2.7898219294128928,1.2377144677206484,0.23771446772064841,True,10.415300000204297,Optimization terminated successfully
Palmer Penguins,3,42,10,300,0.0001,50,most_parsimonious,Unweighted k-means,Random 25% immutable,α < 1,0.6767622979364194,57,2,1,True,3.0,3.0,3.0135968919421945,3.47194290963558,1.0,0.0,False,26.718399999936082,Optimization terminated successfully
Palmer Penguins,3,42,10,300,0.0001,50,most_parsimonious,Unweighted k-means,Random 50% immutable,α = 1,1.0,57,2,1,False,,,,,,,False,5.630299999666022,No feasible counterfactual found.
Palmer Penguins,3,42,10,300,0.0001,50,most_parsimonious,Unweighted k-means,Random 50% immutable,α < 1,0.6767622979364194,57,2,1,False,,,,,,,False,5.842600000050879,No feasible counterfactual found.
Palmer Penguins,3,42,10,300,0.0001,50,most_parsimonious,Unweighted k-means,Random 75% immutable,α = 1,1.0,57,2,1,False,,,,,,,False,0.5707000000256812,No feasible counterfactual found.
Palmer Penguins,3,42,10,300,0.0001,50,most_parsimonious,Unweighted k-means,Random 75% immutable,α < 1,0.6767622979364194,57,2,1,False,,,,,,,False,0.5678000002262706,No feasible counterfactual found.
Palmer Penguins,3,42,10,300,0.0001,50,most_parsimonious,Unweighted k-means,All features mutable,α = 1,1.0,116,2,1,True,2.0,2.0,2.5511436528622933,3.194459987454714,1.2711507516830134,0.2711507516830134,True,22.97390000012456,Optimization terminated successfully
Palmer Penguins,3,42,10,300,0.0001,50,most_parsimonious,Unweighted k-means,All features mutable,α < 1,0.6767622979364194,116,2,1,True,2.0,2.0,4.123151956506544,4.0611091866663935,1.0365128638282306,0.0365128638282306,True,22.39079999981186,Optimization terminated successfully
Palmer Penguins,3,42,10,300,0.0001,50,most_parsimonious,Unweighted k-means,Random 25% immutable,α = 1,1.0,116,2,1,True,2.0,2.0,2.5511436528622933,3.194459987454714,1.2711507516830134,0.2711507516830134,True,21.67939999981172,Optimization terminated successfully
Palmer Penguins,3,42,10,300,0.0001,50,most_parsimonious,Unweighted k-means,Random 25% immutable,α < 1,0.6767622979364194,116,2,1,True,2.0,2.0,4.123151956506544,4.0611091866663935,1.0365128638282306,0.0365128638282306,True,20.190599999750702,Optimization terminated successfully
Palmer Penguins,3,42,10,300,0.0001,50,most_parsimonious,Unweighted k-means,Random 50% immutable,α = 1,1.0,116,2,1,True,2.0,2.0,1.8863310925981658,2.746875383120367,1.1818971599048167,0.1818971599048167,True,11.8374000003314,Optimization terminated successfully
Palmer Penguins,3,42,10,300,0.0001,50,most_parsimonious,Unweighted k-means,Random 50% immutable,α < 1,0.6767622979364194,116,2,1,True,2.0,2.0,2.8395585289046004,3.370197934189979,1.0000000000000016,1.5543122344752192e-15,True,2.3842999999033054,Optimization terminated successfully
Palmer Penguins,3,42,10,300,0.0001,50,most_parsimonious,Unweighted k-means,Random 75% immutable,α = 1,1.0,116,2,1,False,,,,,,,False,11.292600000160746,No feasible counterfactual found.
Palmer Penguins,3,42,10,300,0.0001,50,most_parsimonious,Unweighted k-means,Random 75% immutable,α < 1,0.6767622979364194,116,2,1,False,,,,,,,False,0.9491000000707572,No feasible counterfactual found.
Palmer Penguins,3,42,10,300,0.0001,50,most_parsimonious,Unweighted k-means,All features mutable,α = 1,1.0,39,2,1,True,3.0,3.0,2.1121099488622157,2.9066199950197933,1.4407920307679976,0.44079203076799756,True,15.097199999672739,Optimization terminated successfully
Palmer Penguins,3,42,10,300,0.0001,50,most_parsimonious,Unweighted k-means,All features mutable,α < 1,0.6767622979364194,39,2,1,True,3.0,3.0,3.2058494444145413,3.5809772098769583,1.209041519412461,0.20904151941246107,True,4.472600000099192,Optimization terminated successfully
Palmer Penguins,3,42,10,300,0.0001,50,most_parsimonious,Unweighted k-means,Random 25% immutable,α = 1,1.0,39,2,1,True,3.0,3.0,2.1121099488622157,2.9066199950197933,1.4407920307679976,0.44079203076799756,True,18.169100000250182,Optimization terminated successfully
Palmer Penguins,3,42,10,300,0.0001,50,most_parsimonious,Unweighted k-means,Random 25% immutable,α < 1,0.6767622979364194,39,2,1,True,3.0,3.0,3.2058494444145413,3.5809772098769583,1.209041519412461,0.20904151941246107,True,4.730599999675178,Optimization terminated successfully
Palmer Penguins,3,42,10,300,0.0001,50,most_parsimonious,Unweighted k-means,Random 50% immutable,α = 1,1.0,39,2,1,False,,,,,,,False,34.4558000001598,No feasible counterfactual found.
Palmer Penguins,3,42,10,300,0.0001,50,most_parsimonious,Unweighted k-means,Random 50% immutable,α < 1,0.6767622979364194,39,2,1,False,,,,,,,False,12.709000000086235,No feasible counterfactual found.
Palmer Penguins,3,42,10,300,0.0001,50,most_parsimonious,Unweighted k-means,Random 75% immutable,α = 1,1.0,39,2,1,False,,,,,,,False,1.656500000080996,No feasible counterfactual found.
Palmer Penguins,3,42,10,300,0.0001,50,most_parsimonious,Unweighted k-means,Random 75% immutable,α < 1,0.6767622979364194,39,2,1,False,,,,,,,False,2.3495999998885964,No feasible counterfactual found.
Palmer Penguins,3,42,10,300,0.0001,50,most_parsimonious,Unweighted k-means,All features mutable,α = 1,1.0,28,2,0,True,1.0,1.0,0.10489840900024522,0.6477604773378667,5.408729409494255,4.408729409494255,True,0.9688999998616055,Optimization terminated successfully
Palmer Penguins,3,42,10,300,0.0001,50,most_parsimonious,Unweighted k-means,All features mutable,α < 1,0.9893549112643493,28,2,0,True,1.0,1.0,0.10851289230889825,0.6588259020679083,5.317886156401039,4.317886156401039,True,0.9743000000526081,Optimization terminated successfully
Palmer Penguins,3,42,10,300,0.0001,50,most_parsimonious,Unweighted k-means,Random 25% immutable,α = 1,1.0,28,2,0,True,2.0,2.0,0.6447747059338371,1.6059572920022962,1.713090919030204,0.7130909190302039,True,3.0925000000934233,Optimization terminated successfully
Palmer Penguins,3,42,10,300,0.0001,50,most_parsimonious,Unweighted k-means,Random 25% immutable,α < 1,0.9893549112643493,28,2,0,True,2.0,2.0,0.6669917007829574,1.6333911972126671,1.6843183834217785,0.6843183834217785,True,2.4226999998973042,Optimization terminated successfully
Palmer Penguins,3,42,10,300,0.0001,50,most_parsimonious,Unweighted k-means,Random 50% immutable,α = 1,1.0,28,2,0,True,2.0,2.0,1.1522521129627712,2.146860137934254,1.0,0.0,False,3.15439999985756,Optimization terminated successfully
Palmer Penguins,3,42,10,300,0.0001,50,most_parsimonious,Unweighted k-means,Random 50% immutable,α < 1,0.9893549112643493,28,2,0,True,2.0,2.0,1.1932454283102596,2.1847154764959758,1.0,0.0,False,2.425899999707326,Optimization terminated successfully
Palmer Penguins,3,42,10,300,0.0001,50,most_parsimonious,Unweighted k-means,Random 75% immutable,α = 1,1.0,28,2,0,False,,,,,,,False,1.7165999997814652,No feasible counterfactual found.
Palmer Penguins,3,42,10,300,0.0001,50,most_parsimonious,Unweighted k-means,Random 75% immutable,α < 1,0.9893549112643493,28,2,0,False,,,,,,,False,0.9620000000722939,No feasible counterfactual found.
Palmer Penguins,3,42,10,300,0.0001,50,most_parsimonious,Unweighted k-means,All features mutable,α = 1,1.0,273,1,2,True,2.0,2.0,2.021075635138822,2.8432907942303913,1.383311463808925,0.383311463808925,True,5.28889999986859,Optimization terminated successfully
Palmer Penguins,3,42,10,300,0.0001,50,most_parsimonious,Unweighted k-means,All features mutable,α < 1,0.9580439243793857,273,1,2,True,2.0,2.0,2.1830341125313533,2.9550188578290686,1.3468903058953965,0.3468903058953965,True,2.882999999656022,Optimization terminated successfully
Palmer Penguins,3,42,10,300,0.0001,50,most_parsimonious,Unweighted k-means,Random 25% immutable,α = 1,1.0,273,1,2,True,2.0,2.0,2.021075635138822,2.8432907942303913,1.383311463808925,0.383311463808925,True,5.829600000197388,Optimization terminated successfully
Palmer Penguins,3,42,10,300,0.0001,50,most_parsimonious,Unweighted k-means,Random 25% immutable,α < 1,0.9580439243793857,273,1,2,True,2.0,2.0,2.1830341125313533,2.9550188578290686,1.3468903058953965,0.3468903058953965,True,3.5155000000486325,Optimization terminated successfully
Palmer Penguins,3,42,10,300,0.0001,50,most_parsimonious,Unweighted k-means,Random 50% immutable,α = 1,1.0,273,1,2,False,,,,,,,False,2.1032999998169544,No feasible counterfactual found.
Palmer Penguins,3,42,10,300,0.0001,50,most_parsimonious,Unweighted k-means,Random 50% immutable,α < 1,0.9580439243793857,273,1,2,False,,,,,,,False,7.5824000000466185,No feasible counterfactual found.
Palmer Penguins,3,42,10,300,0.0001,50,most_parsimonious,Unweighted k-means,Random 75% immutable,α = 1,1.0,273,1,2,False,,,,,,,False,0.5913999998483632,No feasible counterfactual found.
Palmer Penguins,3,42,10,300,0.0001,50,most_parsimonious,Unweighted k-means,Random 75% immutable,α < 1,0.9580439243793857,273,1,2,False,,,,,,,False,0.6008000000292668,No feasible counterfactual found.
