dataset,iteration,clustering_seed,evaluation_seed,mean_r_star,r_star_over_d,single_feature_feasibility_rate,mean_tau,minimum_feasibility_rate
Wholesale Customers,1,42,42,2.2933333333333334,0.38222222222222224,44.0,1.024112432029348,100.0
Wholesale Customers,2,43,42,2.2733333333333334,0.3788888888888889,46.0,0.8336124969073184,100.0
Wholesale Customers,3,44,42,1.5133333333333334,0.25222222222222224,50.0,2.0597611168715324,100.0
Wholesale Customers,4,45,42,2.2933333333333334,0.38222222222222224,44.0,1.024112432029348,100.0
Wholesale Customers,5,46,42,2.513333333333333,0.41888888888888887,37.333333333333336,1.6342403344759298,100.0
Wholesale Customers,6,47,42,1.4933333333333334,0.2488888888888889,53.333333333333336,2.2129524651039443,100.0
Wholesale Customers,7,48,42,1.5066666666666666,0.2511111111111111,50.666666666666664,1.9785889528151979,100.0
Wholesale Customers,8,49,42,1.6266666666666667,0.27111111111111114,69.33333333333333,1.255749006740259,100.0
Wholesale Customers,9,50,42,3.14,0.5233333333333333,32.666666666666664,1.0421892891917384,100.0
Wholesale Customers,10,51,42,1.4733333333333334,0.24555555555555555,54.0,1.6436389957987032,100.0
Wholesale Customers,11,52,42,2.2933333333333334,0.38222222222222224,44.0,0.9957290526519073,100.0
Wholesale Customers,12,53,42,2.2600000000000002,0.3766666666666667,46.0,1.8551244976886607,100.0
Wholesale Customers,13,54,42,1.4733333333333334,0.24555555555555555,54.0,1.7310067140718406,100.0
Wholesale Customers,14,55,42,1.5066666666666666,0.2511111111111111,52.0,1.9406057415625984,100.0
Wholesale Customers,15,56,42,3.0400000000000005,0.5066666666666667,42.666666666666664,1.1726684053775214,100.0
Wholesale Customers,16,57,42,1.5066666666666666,0.2511111111111111,50.666666666666664,1.972949016658817,100.0
Wholesale Customers,17,58,42,1.4733333333333334,0.24555555555555555,54.0,1.417413477226945,100.0
Wholesale Customers,18,59,42,1.3666666666666665,0.22777777777777775,65.33333333333333,1.710371966912415,100.0
Wholesale Customers,19,60,42,3.033333333333333,0.5055555555555555,43.333333333333336,1.7109648833262845,100.0
Wholesale Customers,20,61,42,1.4799999999999998,0.24666666666666662,53.333333333333336,2.64419203533507,100.0
Wholesale Customers,21,62,42,1.5200000000000002,0.25333333333333335,49.333333333333336,1.207919676354153,100.0
Wholesale Customers,22,63,42,1.5200000000000002,0.25333333333333335,49.333333333333336,1.6720636714997683,100.0
Wholesale Customers,23,64,42,1.6333333333333335,0.27222222222222225,38.666666666666664,2.2218059698059047,100.0
Wholesale Customers,24,65,42,1.5133333333333334,0.25222222222222224,50.0,1.741848966507007,100.0
Wholesale Customers,25,66,42,1.6733333333333331,0.27888888888888885,34.0,1.6595246857243298,100.0
Wholesale Customers,26,67,42,1.4733333333333334,0.24555555555555555,54.0,1.7301878505578918,100.0
Wholesale Customers,27,68,42,1.5200000000000002,0.25333333333333335,49.333333333333336,1.6720636714997683,100.0
Wholesale Customers,28,69,42,1.5,0.25,51.333333333333336,2.2190358512319466,100.0
Wholesale Customers,29,70,42,2.3733333333333335,0.3955555555555556,36.0,0.9649130001428645,100.0
Wholesale Customers,30,71,42,2.0133333333333336,0.3355555555555556,39.333333333333336,1.5933918606895825,100.0
Wholesale Customers,31,72,42,1.4666666666666668,0.24444444444444446,56.0,2.136611491023569,100.0
Wholesale Customers,32,73,42,1.92,0.32,45.333333333333336,1.25337842533728,100.0
Wholesale Customers,33,74,42,1.64,0.2733333333333333,66.66666666666667,1.3318638614019405,100.0
Wholesale Customers,34,75,42,1.5533333333333335,0.2588888888888889,47.333333333333336,1.7473917803597805,100.0
Wholesale Customers,35,76,42,2.2600000000000002,0.3766666666666667,47.333333333333336,1.09606026771007,100.0
Wholesale Customers,36,77,42,1.5066666666666666,0.2511111111111111,50.666666666666664,1.8249736204821463,100.0
Wholesale Customers,37,78,42,1.6533333333333333,0.27555555555555555,37.333333333333336,1.919376500342831,100.0
Wholesale Customers,38,79,42,2.1666666666666665,0.3611111111111111,44.666666666666664,1.1876252195801196,100.0
Wholesale Customers,39,80,42,1.4799999999999998,0.24666666666666662,54.666666666666664,2.1553596520319585,100.0
Wholesale Customers,40,81,42,1.5133333333333334,0.25222222222222224,50.0,1.417515724259105,100.0
Wholesale Customers,41,82,42,1.9933333333333334,0.33222222222222225,42.666666666666664,1.250557487813616,100.0
Wholesale Customers,42,83,42,2.2466666666666666,0.3744444444444444,48.666666666666664,1.3565345345458806,100.0
Wholesale Customers,43,84,42,1.4933333333333334,0.2488888888888889,52.0,1.7663521914331224,100.0
Wholesale Customers,44,85,42,1.5,0.25,52.666666666666664,2.203234942503807,100.0
Wholesale Customers,45,86,42,1.9600000000000002,0.3266666666666667,44.666666666666664,1.1271897657069685,100.0
Wholesale Customers,46,87,42,1.4800000000000002,0.2466666666666667,53.333333333333336,2.456887122205456,100.0
Wholesale Customers,47,88,42,2.08,0.3466666666666667,48.666666666666664,1.381379452965146,100.0
Wholesale Customers,48,89,42,1.4733333333333334,0.24555555555555555,54.0,1.7582925660786313,100.0
Wholesale Customers,49,90,42,1.6866666666666668,0.28111111111111114,47.333333333333336,1.3410792152192343,100.0
Wholesale Customers,50,91,42,2.2066666666666666,0.36777777777777776,50.0,1.4306781278836178,100.0
