dataset,n_clusters,seed,n_init,max_iter,tol,n_factuals,solution_type,cf_mode,mask_scenario,alpha_case,attempts,feasible_count,feasibility_rate,mean_minimal_intervention_cardinality,median_minimal_intervention_cardinality,mean_changed_features,single_feature_feasibility_rate,mean_distance_per_feature,mean_tau_per_feature,mean_weighted_cost,mean_euclidean_distance,mean_rho,mean_tau,positive_tau_rate,mean_runtime_ms
Wholesale Customers,3,42,10,300,0.0001,50,least_cost,Ranked + weighted SHARK,All features mutable,α < 1,50,50,100.0,,,5.98,0.0,0.5450078722438638,0.25217423364862007,2.929723273029793,3.2663157586863316,2.5130454018917208,1.5130454018917205,78.0,7.608480000012605
Wholesale Customers,3,42,10,300,0.0001,50,least_cost,Ranked + weighted SHARK,All features mutable,α = 1,50,50,100.0,,,5.98,0.0,0.5267864733655103,0.2661085530827212,2.718616624543322,3.156992848627475,2.596651318496327,1.5966513184963274,76.0,7.520998000009058
Wholesale Customers,3,42,10,300,0.0001,50,least_cost,Ranked + weighted SHARK,Random 25% immutable,α < 1,50,50,100.0,,,3.98,0.0,0.9928507518383501,0.21590819301240566,4.29964803318796,3.96159113852027,1.8636327720496226,0.8636327720496226,72.0,4.861265999984425
Wholesale Customers,3,42,10,300,0.0001,50,least_cost,Ranked + weighted SHARK,Random 25% immutable,α = 1,50,50,100.0,,,3.98,0.0,0.9596494992029831,0.23087505516336493,3.9878378958978478,3.8288006195225703,1.9235002206534597,0.9235002206534597,80.0,4.8848620000217124
Wholesale Customers,3,42,10,300,0.0001,50,least_cost,Ranked + weighted SHARK,Random 50% immutable,α < 1,50,48,96.0,,,3.0,0.0,1.5804279485910788,0.2819150679729092,6.161812884200015,4.7412838457732365,1.8457452039187279,0.8457452039187277,88.0,3.656719999971756
Wholesale Customers,3,42,10,300,0.0001,50,least_cost,Ranked + weighted SHARK,Random 50% immutable,α = 1,50,48,96.0,,,3.0,0.0,1.526770963036065,0.2970870763969823,5.711268647153023,4.580312889108195,1.891261229190947,0.8912612291909469,90.0,3.3773680000012973
Wholesale Customers,3,42,10,300,0.0001,50,least_cost,Ranked + weighted SHARK,Random 75% immutable,α < 1,50,36,72.0,,,2.0,0.0,2.884707421538367,0.37126185848416043,8.567894981077536,5.769414843076734,1.7425237169683208,0.7425237169683209,60.0,3.6537519999956203
Wholesale Customers,3,42,10,300,0.0001,50,least_cost,Ranked + weighted SHARK,Random 75% immutable,α = 1,50,37,74.0,,,2.0,0.0,2.9739496432476913,0.37940983744817997,8.654204029710177,5.947899286495383,1.7588196748963598,0.7588196748963599,54.0,3.0460360000006403
Wholesale Customers,3,42,10,300,0.0001,50,least_cost,Ranked k-means,All features mutable,α < 1,50,50,100.0,,,5.96,0.0,1.0041340125316804,0.24089430419299984,8.790077584870682,5.976154042183522,2.4425227306132324,1.4425227306132322,82.0,1.8537860000287765
Wholesale Customers,3,42,10,300,0.0001,50,least_cost,Ranked k-means,All features mutable,α = 1,50,50,100.0,,,5.96,0.0,0.7501004757444832,0.29297993414946805,4.471718158017253,4.464558359753333,2.7518789484023114,1.7518789484023114,82.0,1.8858520000048884
Wholesale Customers,3,42,10,300,0.0001,50,least_cost,Ranked k-means,Random 25% immutable,α < 1,50,44,88.0,,,3.9545454545454546,0.0,1.6075416350783371,0.3750095671894767,10.557985705212301,6.330110006866295,2.49574960978258,1.4957496097825798,70.0,2.2590279999985796
Wholesale Customers,3,42,10,300,0.0001,50,least_cost,Ranked k-means,Random 25% immutable,α = 1,50,47,94.0,,,3.9574468085106385,0.0,1.3055998764507726,0.41571468083921387,6.173286775987902,5.152166830530072,2.653772353519743,1.653772353519743,84.0,2.4476300000105766
Wholesale Customers,3,42,10,300,0.0001,50,least_cost,Ranked k-means,Random 50% immutable,α < 1,50,41,82.0,,,2.951219512195122,0.0,2.5239066803778605,0.3792322100970014,14.097413691536442,7.370974509372683,2.0946816766569096,1.0946816766569099,60.0,2.143358000016633
Wholesale Customers,3,42,10,300,0.0001,50,least_cost,Ranked k-means,Random 50% immutable,α = 1,50,47,94.0,,,2.9574468085106385,0.0,2.0951531961985,0.4147406054783947,8.452983870000756,6.159500844000775,2.201923696802947,1.2019236968029472,74.0,1.7224559999931444
Wholesale Customers,3,42,10,300,0.0001,50,least_cost,Ranked k-means,Random 75% immutable,α < 1,50,32,64.0,,,1.96875,0.0,3.174403401635171,0.9717354495043643,10.978572018519039,6.231103318578907,2.8990910391171028,1.8990910391171028,57.99999999999999,2.479511999999886
Wholesale Customers,3,42,10,300,0.0001,50,least_cost,Ranked k-means,Random 75% immutable,α = 1,50,36,72.0,,,1.9444444444444444,0.0,2.967122162913807,0.9851604507677132,7.270345479747801,5.557619569818758,2.924385134759416,1.924385134759416,68.0,2.1420739999894067
Wholesale Customers,3,42,10,300,0.0001,50,least_cost,Unweighted k-means,All features mutable,α < 1,50,50,100.0,,,5.96,0.0,1.1781195777762083,0.14343848918993177,10.874746055623218,7.02006743365069,1.857787840594824,0.8577878405948239,76.0,1.8918359999906897
Wholesale Customers,3,42,10,300,0.0001,50,least_cost,Unweighted k-means,All features mutable,α = 1,50,50,100.0,,,5.96,0.0,0.8529736385149423,0.20441953668938445,5.396016793160726,5.081797336376087,2.22051656364181,1.22051656364181,76.0,1.9157999999879394
Wholesale Customers,3,42,10,300,0.0001,50,least_cost,Unweighted k-means,Random 25% immutable,α < 1,50,48,96.0,,,3.9375,0.0,2.2031669224225525,0.1926796179741701,16.3995900107118,8.500486245093558,1.7453059968366764,0.7453059968366763,66.0,2.256399999992027
Wholesale Customers,3,42,10,300,0.0001,50,least_cost,Unweighted k-means,Random 25% immutable,α = 1,50,50,100.0,,,3.96,0.0,1.5851677226561987,0.25573318924943417,8.273436941775357,6.258544714345729,1.996922228236641,0.9969222282366411,80.0,1.7286239999884856
Wholesale Customers,3,42,10,300,0.0001,50,least_cost,Unweighted k-means,Random 50% immutable,α < 1,50,40,80.0,,,2.975,0.0,2.9529964121300227,0.2502622313451328,17.905418245286505,8.683532666033404,1.7478641741523717,0.7478641741523715,60.0,1.965593999984776
Wholesale Customers,3,42,10,300,0.0001,50,least_cost,Unweighted k-means,Random 50% immutable,α = 1,50,45,90.0,,,2.977777777777778,0.0,2.3116910283570022,0.317986744507638,9.944851512633782,6.828550407642077,1.944303119766776,0.944303119766776,72.0,1.6635500000165848
Wholesale Customers,3,42,10,300,0.0001,50,least_cost,Unweighted k-means,Random 75% immutable,α < 1,50,22,44.0,,,2.0,0.0,3.421944978146274,0.6526917795558259,12.100649823095408,6.843889956292548,2.305383559111652,1.3053835591116518,38.0,3.4951299999829644
Wholesale Customers,3,42,10,300,0.0001,50,least_cost,Unweighted k-means,Random 75% immutable,α = 1,50,27,54.0,,,1.962962962962963,0.0,3.337783374452091,0.6445677456262935,8.631156999991104,6.30983415760985,2.2825009253678563,1.282500925367856,46.0,2.550334000006842
