dataset,iteration,clustering_seed,evaluation_seed,changed_features_pct,weighted_cost,mean_tau,runtime_ms,minimum_feasibility_rate
Palmer Penguins,1,42,42,100.0,0.8744025146206978,1.927140387746425,2.6651973333324954,100.0
Palmer Penguins,2,43,42,100.0,0.8420747271032768,2.2587637285601634,2.8365946666751065,100.0
Palmer Penguins,3,44,42,100.0,0.8390845107429165,2.119800612305329,2.7579306666757475,100.0
Palmer Penguins,4,45,42,100.0,0.8509118057673047,1.9043998520982097,3.480618666690134,100.0
Palmer Penguins,5,46,42,100.0,0.8509118057673047,1.9043998520982097,2.782985333345399,100.0
Palmer Penguins,6,47,42,100.0,0.8369180596989096,2.3830620752453293,2.733957999989798,100.0
Palmer Penguins,7,48,42,100.0,0.806782148726862,2.355927098573058,2.7339126666356606,100.0
Palmer Penguins,8,49,42,100.0,0.8628701070869461,2.0323541590839738,2.860196000013578,100.0
Palmer Penguins,9,50,42,100.0,0.8340503056900438,2.2953856428885318,2.8231213333098517,100.0
Palmer Penguins,10,51,42,100.0,0.8795099922087456,2.038685708832816,2.7556639999875188,100.0
Palmer Penguins,11,52,42,100.0,0.8615003700394825,1.9973778138796208,2.741925333336136,100.0
Palmer Penguins,12,53,42,100.0,0.8105595968367304,2.272645106551623,2.728494666671395,100.0
Palmer Penguins,13,54,42,100.0,0.8870251808592137,2.0319726912343654,2.7591233333563046,100.0
Palmer Penguins,14,55,42,100.0,0.8105595968367304,2.272645106551623,2.7536386666815815,100.0
Palmer Penguins,15,56,42,100.0,0.827199481958545,2.2789766548414114,2.741740000013427,100.0
Palmer Penguins,16,57,42,100.0,0.832306959546593,2.3905219759278022,2.8636886666572536,100.0
Palmer Penguins,17,58,42,100.0,0.8341690338347973,2.0127787696901986,2.3046859999885783,100.0
Palmer Penguins,18,59,42,100.0,0.8740839724762276,1.9484194508671162,2.8045026666526005,100.0
Palmer Penguins,19,60,42,100.0,0.8369180596989096,2.3830620752453293,2.7428580000105285,100.0
Palmer Penguins,20,61,42,100.0,0.8165499162835458,2.2241688512054183,2.808346000010715,100.0
Palmer Penguins,21,62,42,100.0,0.8391577832780915,2.4069309639749226,2.8491073333346626,100.0
Palmer Penguins,22,63,42,100.0,0.8358483851564854,2.2463262144834197,2.7573533333573628,100.0
Palmer Penguins,23,64,42,100.0,0.8630160759084523,1.934617061991438,2.781629333324721,100.0
Palmer Penguins,24,65,42,100.0,0.8155511768191149,2.089235330126694,2.7760493333516933,100.0
Palmer Penguins,25,66,42,100.0,0.8779365870626666,1.9257850446040443,2.818585333337372,100.0
Palmer Penguins,26,67,42,100.0,0.8577626294988985,1.9208088379975827,2.806325333337251,100.0
Palmer Penguins,27,68,42,100.0,0.8280898867103161,2.393128575099244,2.7846999999989444,100.0
Palmer Penguins,28,69,42,100.0,0.8594960685196648,2.0152720433542766,2.763538666667955,100.0
Palmer Penguins,29,70,42,100.0,0.8560192833553527,2.015945173184601,2.7647486666622476,100.0
Palmer Penguins,30,71,42,100.0,0.8628701070869461,2.0323541590839738,2.8357400000034736,100.0
Palmer Penguins,31,72,42,100.0,0.8340380483758206,2.1453206796317477,2.7721700000074634,100.0
Palmer Penguins,32,73,42,100.0,0.8524239503676823,1.9876050153089224,2.7747400000013536,100.0
Palmer Penguins,33,74,42,100.0,0.8577626294988985,1.9208088379975827,2.820500666684893,100.0
Palmer Penguins,34,75,42,100.0,0.8304944725356216,1.9813502958298563,2.8007426666620936,100.0
Palmer Penguins,35,76,42,100.0,0.8509118057673047,1.9043998520982097,2.8478273333439574,100.0
Palmer Penguins,36,77,42,100.0,0.8557840821237025,1.9962793470853202,2.729100666644323,100.0
Palmer Penguins,37,78,42,100.0,0.843449155086008,2.0468464329748524,2.8080206666406107,100.0
Palmer Penguins,38,79,42,100.0,0.8557983289353772,1.9926315555577518,2.7878133333100172,100.0
Palmer Penguins,39,80,42,100.0,0.8480351460830041,2.1610207963494505,2.822039999982735,100.0
Palmer Penguins,40,81,42,100.0,0.8628701070869461,2.0323541590839738,2.7965466666622283,100.0
Palmer Penguins,41,82,42,100.0,0.827199481958545,2.2789766548414114,2.7592146666787207,100.0
Palmer Penguins,42,83,42,100.0,0.8628701070869461,2.0323541590839738,2.9141453333189324,100.0
Palmer Penguins,43,84,42,100.0,0.854388590931617,1.9037267222678853,3.066842666688293,100.0
Palmer Penguins,44,85,42,100.0,0.8449513867875772,2.002142784308923,2.836412000009053,100.0
Palmer Penguins,45,86,42,100.0,0.8156670744247784,2.3841904276380137,2.796314000018659,100.0
Palmer Penguins,46,87,42,100.0,0.8103235743367545,2.211731337128675,2.8203140000126345,100.0
Palmer Penguins,47,88,42,100.0,0.8577626294988985,1.9208088379975827,2.8464866666763555,100.0
Palmer Penguins,48,89,42,100.0,0.8304944725356216,1.9813502958298563,2.888240666667722,100.0
Palmer Penguins,49,90,42,100.0,0.8304944725356216,1.9813502958298563,2.7934839999882874,100.0
Palmer Penguins,50,91,42,100.0,0.8744025146206978,1.927140387746425,2.840882000006483,100.0
